shortcode,url,caption,date,location,likes
DUm0fCRmM7Z,https://www.instagram.com/p/DUm0fCRmM7Z/,"Persoalan kebersihan tidak lagi bisa dipandang sebagai isu sepele. Bupati Lampung Selatan, Radityo Egi Pratama menegaskan, bahwa masa depan pariwisata dan geliat ekonomi daerah sangat ditentukan oleh kesadaran masyarakat dalam menjaga lingkungan.

Penegasan itu disampaikan Bupati Egi saat menghadiri Grand Opening Cik Tien Oleh-oleh Lampung di Kalianda, Rabu (11/2/2025).

Dalam suasana peresmian yang sarat semangat pengembangan ekonomi lokal, Bupati Egi mengajak masyarakat melihat kebersihan sebagai investasi jangka panjang bagi kemajuan daerah.

Baca selengkapnya di www.lampung.tigapena.com

#LampungSelatan #BupatiEgi #Pariwisata #KebersihanPenting #VisitLampungSelatan #LingkunganBersih",2026-02-11 05:52:20,,2
C7sslk7yE2V,https://www.instagram.com/p/C7sslk7yE2V/,"Tabik pun… 🙏
.
.
.
.
.
#visitlampung #visitlampungselatan #beach #riobythebeach",2024-06-02 03:33:55,,42
C7QJttXPAQS,https://www.instagram.com/p/C7QJttXPAQS/,"Bismillah 

Maa Syaa Allah Tabarakallah 
Allahumma baarik 

Pantai Rio by the Beach🏝️🌅🌴🌴🌴
Lampung Selatan 

Bersama adikku 

#visitlampung#visitlampungselatan#pantairiobythebeach#liburan#liburankeluarga #pesonapantai#pesonaindonesia#piknik#refreshing#holiday#santai#pantairio#indonesia#pantaibersih#pantaiindah#pasirluas#riomotret#riobythebeach",2024-05-22 01:30:27,,157
C29VVW4qoka,https://www.instagram.com/p/C29VVW4qoka/,"Berkunjung ke Lampung, tentu tidak boleh melewatkan pergi ke Bakauheni Harbour City. Selain menyajikan pemandangan sekitar bakauheni yang menawan. Wisatawan dapat berkunjung ke objek wisata menarik yang ada di lokasi. Yuk lihat infonya di http://tinyurl.com/jnkd33xh
#travelspromo #bakauheniharbourcity #wisatalampungselatan #wisatalampung #tamanrekreasi #tamanrekreasilampungselatan #tamanrekreasilampung #informasiwisata #infowisata #infowisatalampungselatan #infowisatalampung #hargatiket #tiketmasuk #tiketmasukbakauheniharbourcity #visitlampungselatan #explorelampungselatan",2024-02-05 08:00:51,,0
C1or7ndSbtW,https://www.instagram.com/p/C1or7ndSbtW/,"Betapa membosankan hidup di tengah keriuhan, bergulat dengan kemacetan dan terjebak di zona lingkungan yang sama—hanya menemui lingkungan 
itu-itu saja; membuat kejenuhan semakin sempurna.
.
.
.
#visitkalianda 
#visitlampungselatan 
#backpacker",2024-01-03 11:02:52,,281
CvmcqaNS967,https://www.instagram.com/p/CvmcqaNS967/,"Justru karena masih ada mimpi, kita jadi punya alasan untuk terus hidup, terus maju, terus berjalan, terus mengejar. Tanpa mimpi sama sekali, apa pula arti hidup ini?
— Agustinus Wibowo
.
.
.
#visitlampungselatan 
#pesawarangeh 
#pulaupahawang 
#pulaukelegian",2023-08-06 11:02:36,,363
CvjiRBtyXQN,https://www.instagram.com/p/CvjiRBtyXQN/,"مَاشَاءَ اللهُ تَبَارَكَ اللهُ

Late post 
#krakataupark #lampung #lampungselatan #bakauheni #visitlampung #visitlampungselatan",2023-08-05 07:53:50,,9
CsJZSDYyFu6,https://www.instagram.com/p/CsJZSDYyFu6/,"@masjidbsi_bakauheni 
#visitlampung #visitlampungselatan",2023-05-12 14:40:54,,5
CqF0WY6yw40,https://www.instagram.com/p/CqF0WY6yw40/,"Marhaban ya Ramadhan

Mari kita sambut bulan suci dengan suka cita dan lebih khusyuk dalam beribadah

@inkragarden_lampung mengucapkan 

Selamat Menjalankan Ibadah Puasa Ramadhan 🙏

#wisatalam#wisatabunga#sambutramadhan#kolamrenang#kolamrenanganak#bersamakeluarga#happytime#relax#santai#happylife#hqppysoul#visitlampungselatan#explorelampungselatan#explorelampung",2023-03-22 12:17:40,,4
Cjh1IJAhM5o,https://www.instagram.com/p/Cjh1IJAhM5o/,"today and beyond, don’t for get to be grateful. 

#visitlampungselatan #visitpahawangisland #pahawangisland #whatputriweartoday",2022-10-10 09:43:26,,108
CiBo3puhKPs,https://www.instagram.com/p/CiBo3puhKPs/,"EduFun bersama Paud Mandiri Desa Hargo Pancuran, Rajabasa, Lamsel

Belajar sambil bermain untuk pengembangan saraf motorik anak. Seru dan asyik sekali 😊

Yuk ke @inkragarden_lampung 
Buka : setiap hari

#paud#anakbermain#berenang#wisata#edufunwithkids#kidsentertaining#swimmingpool#latepost#visitlampung#visitrajabasa#visitlampungselatan#dikbudlampung#dikbudlampungselatan#happy#pariwisatalamsel#happyfamily#happylearning",2022-09-03 01:09:14,,18
ChZ58T_P0NU,https://www.instagram.com/p/ChZ58T_P0NU/,"Masyaallah tabarakallah 🤍
Allhamdulillah pacaran setelah halal lebih indah 
#coplegoals #halalcople #taarufnikah #muslimah #islam #coplemuslim #travelers #astetic  #visitindonesia #visitlampung #visitlampungselatan #alexanderchristie #hijabchic #adidassneakers #cordydailyinspiration #ondaindonesia",2022-08-18 14:48:48,,13
CbTzsJgJGB_,https://www.instagram.com/p/CbTzsJgJGB_/,"Continue…
Karena sudah malam setelah nengok saudara jadilah makan di nasi uduk toha karena dia buka sampe lewat tengah malam
Nasi uduk toha 3/5
Besok pagi habis papa acara keluarga besar mama di hotel jam 12 kita makan di baso sony dan pempek tenda biru kemudian beli oleh2x…
Baso sony  3/5
Pempek tenda biru 4.25/5

Sambil menunggu kapal fery jam 18:45
Kita ke @aranglampung dari bandar lampung 1,5jam via tol tetapi jika sudah masuk jalanan desa jlananya aga berlubang, klo sudah masuk kawasan wisatanya jalanya berbatu…

Tiket masuk dewasa 3 orang (anak anak dibawah 5thn free) total 150k 
Tetapi sudah termasuk mobil HLUX antar jemput pantai dan free voucher makan @100k total voucher 300k ( makananya bisa di bilang overpriced) menu makanan yg dipesan :
Sirloin meltic,french fries 300gr, beef slice 250gr, nasi goreng ayam,lecy tea, kelapa batok 2, free sauce/bumbu grill dan alat bakar+arang…total mkan sktr 400an tetapi krn tiket masuk sdh termasuk voucher makan maka kami membayar sisanya 130k
Total makan, tiket masuk dan sewa hilux ke pantai = 150k+130k=280k worth it sh karena pantai bersih bisa renang ada tempat untuk rebahan free, adem tetapi hati hati krn ombaknya lumayan tinggi..

Tips bawa anak : 
1. Download video yutub di hp/tab anak
2. Bawa cemilan, susu, dll
3. Bawa buku favorit anak
4. Bed cover dan bantal buat rebahan
5. Bawa vitamin anak

Sayang banget mendadak tidak prepare apapun next insyAllah explore pantai lampung lagi pantainya bagus pake kamera hp udah bagus, dari arang beach ke pelabuhan 1.5jam lumayan liburan tipis2 btw kita di sini cuma 2jam krn cuma nunggu jadwal kapal fery..jgn lupa reservasi dulu nomornya ada di ig @aranglampung 

#arangbeach #visitlampungselatan #familytime #masyaallahtabarakallah #33weekspregnant",2022-03-20 03:08:38,,18
CaxC8ZKvVfi,https://www.instagram.com/p/CaxC8ZKvVfi/,"Menunggu yang akan berlalu.
Menanti yang akan pergi
Walaupun cuma sesaat ku nikmati .
Esok pagi akan menyapa kembali  dgn penuh berseri
#lampung
#visitlampungselatan
@explorewisatalampung
@pulaumengkudu
@wisatalampungselatan",2022-03-06 14:50:13,,114
CaPiZF2h-Tb,https://www.instagram.com/p/CaPiZF2h-Tb/,"#sunset
.
Pantai Kedu merupakan salah satu jenis pantai berpasir putih yang halus dan salah satu pantai yang biasa dijelajahi.
Pantai Kedu populer karena keunikannya yang menghadap ke arah barat. Hal ini menjadikan posisi pantai yang satu ini sangat cocok untuk melihat sunset. Tidak hanya itu, pantai ini dihiasi oleh gugusan Pulau Krakatau dan tampak elok pemandangan gunung Rajabasa yang memang seolah-olah menampakan dirinya di atas air laut
.
.
.
.
.
.
.
.
.
.
.
.
.
.
.
.
.
.
#motivasiilmu #katabijak #TravelerDadakan #indonesia #lampung #lampungselatan #laut #pantai #pantaikedu #kalianda #awan #sunset #repost #repostindonesian #pesonaindonesia #jelajahindonesia #jelajahlampungselatan #jelajahsumatera #jelajahlampung #visitindonesia #visitlamsel #visitlampung #visitlampungselatan #trip #indonesia #likeforlikes #like4likes #likeforfollow #jalanjalan #travelling",2022-02-21 14:30:51,,12
CaPiS4Rvfei,https://www.instagram.com/p/CaPiS4Rvfei/,"#sunset
.
Pantai Kedu merupakan salah satu jenis pantai berpasir putih yang halus dan salah satu pantai yang biasa dijelajahi.
Pantai Kedu populer karena keunikannya yang menghadap ke arah barat. Hal ini menjadikan posisi pantai yang satu ini sangat cocok untuk melihat sunset. Tidak hanya itu, pantai ini dihiasi oleh gugusan Pulau Krakatau dan tampak elok pemandangan gunung Rajabasa yang memang seolah-olah menampakan dirinya di atas air laut
.
.
.
.
.
.
.
.
.
.
.
.
.
.
.
.
.
.
#motivasiilmu #katabijak #TravelerDadakan #indonesia #lampung #lampungselatan #laut #pantai #pantaikedu #kalianda #awan #sunset #repost #repostindonesian #pesonaindonesia #jelajahindonesia #jelajahlampungselatan #jelajahsumatera #jelajahlampung #visitindonesia #visitlamsel #visitlampung #visitlampungselatan #trip #indonesia #likeforlikes #like4likes #likeforfollow #jalanjalan #travelling",2022-02-21 14:30:00,,44
CZysqkKh9Cv,https://www.instagram.com/p/CZysqkKh9Cv/,"#sunset
.
Sunset mengajarkan kita bahwa hidup tak selalu cemerlang dan bersinar
.
.
.
.
.
.
.
.
.
.
.
.
.
.
.
.
.
.
#motivasiilmu #katabijak #TravelerDadakan #indonesia #lampung #lampungselatan #laut #pantai #pantaikedu #kalianda #awan #sunset #repost #repostindonesian #pesonaindonesia #jelajahindonesia #jelajahlampungselatan #jelajahsumatera #jelajahlampung #visitindonesia #visitlamsel #visitlampung #visitlampungselatan #trip #indonesia #likeforlikes #like4likes #likeforfollow #jalanjalan #travelling",2022-02-10 09:42:38,,15
CZysb4MvgmS,https://www.instagram.com/p/CZysb4MvgmS/,"#sunset
.
Sunset mengajarkan kita bahwa hidup tak selalu cemerlang dan bersinar
.
.
.
.
.
.
.
.
.
.
.
.
.
.
.
.
.
.
#motivasiilmu #katabijak #TravelerDadakan #indonesia #lampung #lampungselatan #laut #pantai #pantaikedu #kalianda #awan #sunset #repost #repostindonesian #pesonaindonesia #jelajahindonesia #jelajahlampungselatan #jelajahsumatera #jelajahlampung #visitindonesia #visitlamsel #visitlampung #visitlampungselatan #trip #indonesia #likeforlikes #like4likes #likeforfollow #jalanjalan #travelling",2022-02-10 09:40:38,,29
CZqyHhvhba6,https://www.instagram.com/p/CZqyHhvhba6/,"#sunset
.
Berbicara dan berlakulah dengan baik kepada orang yang menjahati Anda. Mereka boleh jahat, tapi Anda tetap baik
.
.
.
.
.
.
.
.
.
.
.
.
.
.
.
.
.
.
.
#motivasiilmu #katabijak #TravelerDadakan #indonesia #lampung #lampungselatan #laut #pantai #pantaikedu #kalianda #awan #sunset #repost #repostindonesian #pesonaindonesia #jelajahindonesia #jelajahlampungselatan #jelajahsumatera #jelajahlampung #visitindonesia #visitlamsel #visitlampung #visitlampungselatan #trip #indonesia #likeforlikes #like4likes #likeforfollow #jalanjalan #travelling",2022-02-07 07:56:22,,10
CZqx_r0PHmh,https://www.instagram.com/p/CZqx_r0PHmh/,"#sunset
.
Berbicara dan berlakulah dengan baik kepada orang yang menjahati Anda. Mereka boleh jahat, tapi Anda tetap baik
.
.
.
.
.
.
.
.
.
.
.
.
.
.
.
.
.
.
.
#motivasiilmu #katabijak #TravelerDadakan #indonesia #lampung #lampungselatan #laut #pantai #pantaikedu #kalianda #awan #sunset #repost #repostindonesian #pesonaindonesia #jelajahindonesia #jelajahlampungselatan #jelajahsumatera #jelajahlampung #visitindonesia #visitlamsel #visitlampung #visitlampungselatan #trip #indonesia #likeforlikes #like4likes #likeforfollow #jalanjalan #travelling",2022-02-07 07:55:17,,38
CZjhFN8hsXZ,https://www.instagram.com/p/CZjhFN8hsXZ/,"#sunset
.
Terkadang kamu tersenyum, bukan karena ada hal yang menyenangkan hatimu, tapi karena kamu tahu bersedih takkan selesaikan masalah
.
.
.
.
.
.
.
.
.
.
.
.
.
.
.
.
.
.
.
#motivasiilmu #katabijak #TravelerDadakan #indonesia #lampung #lampungselatan #laut #pantai #pantaikedu #kalianda #awan #sunset #repost #repostindonesian #pesonaindonesia #jelajahindonesia #jelajahlampungselatan #jelajahsumatera #jelajahlampung #visitindonesia #visitlamsel #visitlampung #visitlampungselatan #trip #indonesia #likeforlikes #like4likes #likeforfollow #jalanjalan #travelling",2022-02-04 12:12:49,,8
CZjhBDKPc8k,https://www.instagram.com/p/CZjhBDKPc8k/,"#sunset
.
Terkadang kamu tersenyum, bukan karena ada hal yang menyenangkan hatimu, tapi karena kamu tahu bersedih takkan selesaikan masalah
.
.
.
.
.
.
.
.
.
.
.
.
.
.
.
.
.
.
.
#motivasiilmu #katabijak #TravelerDadakan #indonesia #lampung #lampungselatan #laut #pantai #pantaikedu #kalianda #awan #sunset #repost #repostindonesian #pesonaindonesia #jelajahindonesia #jelajahlampungselatan #jelajahsumatera #jelajahlampung #visitindonesia #visitlamsel #visitlampung #visitlampungselatan #trip #indonesia #likeforlikes #like4likes #likeforfollow #jalanjalan #travelling",2022-02-04 12:12:15,,42
CZg3whphycN,https://www.instagram.com/p/CZg3whphycN/,"#sunset
.
Sirik, tanda tak mampu. Disiriki adalah tanda Anda lebih bahagia darinya. Bersyukurlah, dan doakan kebaikan baginya
.
.
.
.
.
.
.
.
.
.
.
.
.
.
.
.
.
.
.
#motivasiilmu #katabijak #TravelerDadakan #indonesia #lampung #lampungselatan #laut #pantai #pantaikedu #kalianda #awan #sunset #repost #repostindonesian #pesonaindonesia #jelajahindonesia #jelajahlampungselatan #jelajahsumatera #jelajahlampung #visitindonesia #visitlamsel #visitlampung #visitlampungselatan #trip #indonesia #likeforlikes #like4likes #likeforfollow #jalanjalan #travelling",2022-02-03 11:33:15,,7
CZg3nD-vs7v,https://www.instagram.com/p/CZg3nD-vs7v/,"#sunset
.
Sirik, tanda tak mampu. Disiriki adalah tanda Anda lebih bahagia darinya. Bersyukurlah, dan doakan kebaikan baginya
.
.
.
.
.
.
.
.
.
.
.
.
.
.
.
.
.
.
.
#motivasiilmu #katabijak #TravelerDadakan #indonesia #lampung #lampungselatan #laut #pantai #pantaikedu #kalianda #awan #sunset #repost #repostindonesian #pesonaindonesia #jelajahindonesia #jelajahlampungselatan #jelajahsumatera #jelajahlampung #visitindonesia #visitlamsel #visitlampung #visitlampungselatan #trip #indonesia #likeforlikes #like4likes #likeforfollow #jalanjalan #travelling",2022-02-03 11:31:57,,36
CZcTKvzhSSX,https://www.instagram.com/p/CZcTKvzhSSX/,"Jika engkau ingin berbahagia, janganlah kau bandingkan kelemahanmu dengan kekuatan orang lain.
.
Yuk mabar
. 
.
.
.
.
.
.
.
.
.
.
.
.
.
.
.
.
.
#motivasiilmu #katabijak #TravelerDadakan #indonesia #lampung #lampungselatan #laut #pantai #pantaikedu #kalianda #awan #sunset #repost #repostindonesian #pesonaindonesia #jelajahindonesia #jelajahlampungselatan #jelajahsumatera #jelajahlampung #visitindonesia #visitlamsel #visitlampung #visitlampungselatan #trip #indonesia #likeforlikes #like4likes #likeforfollow #jalanjalan #travelling",2022-02-01 16:56:33,,10
CZbhfwRhJ55,https://www.instagram.com/p/CZbhfwRhJ55/,"Jika seseorang menghinamu, berterima kasih lah, karena sesungguhnya mereka telah mengorbankan waktunya hanya untuk membantumu menjadi lebih baik
.
.
.
.
.
.
.
.
.
.
.
.
.
.
.
.
.
.
.
#motivasiilmu #katabijak #TravelerDadakan #indonesia #lampung #lampungselatan #laut #pantai #pantaikedu #kalianda #awan #sunset #repost #repostindonesian #pesonaindonesia #jelajahindonesia #jelajahlampungselatan #jelajahsumatera #jelajahlampung #visitindonesia #visitlamsel #visitlampung #visitlampungselatan #trip #indonesia #likeforlikes #like4likes #likeforfollow #jalanjalan #travelling",2022-02-01 09:42:31,,9
CZbhSVdvqCu,https://www.instagram.com/p/CZbhSVdvqCu/,"Jika seseorang menghinamu, berterima kasih lah, karena sesungguhnya mereka telah mengorbankan waktunya hanya untuk membantumu menjadi lebih baik
.
.
Yuk hiling
.
.
.
.
.
.
.
.
.
.
.
.
.
.
.
.
.
#motivasiilmu #katabijak #TravelerDadakan #indonesia #lampung #lampungselatan #laut #pantai #pantaikedu #kalianda #awan #sunset #repost #repostindonesian #pesonaindonesia #jelajahindonesia #jelajahlampungselatan #jelajahsumatera #jelajahlampung #visitindonesia #visitlamsel #visitlampung #visitlampungselatan #trip #indonesia #likeforlikes #like4likes #likeforfollow #jalanjalan #travelling",2022-02-01 09:40:41,,58
CZY6Zr_Pso8,https://www.instagram.com/p/CZY6Zr_Pso8/,"Jika engkau ingin berbahagia, janganlah kau bandingkan kelemahanmu dengan kekuatan orang lain.
.
Yuk mabar
. 
.
.
.
.
.
.
.
.
.
.
.
.
.
.
.
.
.
#motivasiilmu #katabijak #TravelerDadakan #indonesia #lampung #lampungselatan #laut #pantai #pantaikedu #kalianda #awan #sunset #repost #repostindonesian #pesonaindonesia #jelajahindonesia #jelajahlampungselatan #jelajahsumatera #jelajahlampung #visitindonesia #visitlamsel #visitlampung #visitlampungselatan #trip #indonesia #likeforlikes #like4likes #likeforfollow #jalanjalan #travelling",2022-01-31 09:22:25,,61
CV8BVH7jNyo,https://www.instagram.com/p/CV8BVH7jNyo/,Wisata air tawar Lampung Selatan @WTC with @vb__juanda #wisatalampung #wisatalampungselatan #wisataair #wisataairtawar #visitlampung #visitlampungselatan #wonder #wonderfullindonesia #wonderful_places,2021-11-06 14:31:44,,8
CUqzZgHhcwi,https://www.instagram.com/p/CUqzZgHhcwi/,"Hari rabu yg cerah 
Semoga hari ini allah memudah kan urusan kita semua
#samba #visitlampungselatan #cabe #sambelkecombrang #sambelado",2021-10-06 01:30:35,,4
CROq7ApgR0H,https://www.instagram.com/p/CROq7ApgR0H/,"Apa pun situasi nya kalau mau holiday mh lanjut....
:
📌 Umang Umang island
  Pulau Sebesi Lampung
  Selatan
🔭🏝️🏝️🏝️🏝️
#lampungselatanindonesia #holiday #trevelerindonesia #treveling #ilovelampung #iloveindonesia #jelajahlampung #visitlampung #visitlampungselatan #wonderfullindonesia #wonderfullampung",2021-07-12 13:43:59,,61
CRINhvNNEsp,https://www.instagram.com/p/CRINhvNNEsp/,"Pandangi walau hanya sesaat...

... Nikmati
... Syukuri

Editing 📷 @akbaraidhil

#pintulangitlampung #lengkunglangitlampung #kampungvietnamlampung #lampungselatan #bandarlampung #eksplorlampungselatan #visitlampungselatan #jalanjalanlampung",2021-07-10 01:31:18,,54
CQFKodfMFpw,https://www.instagram.com/p/CQFKodfMFpw/,""" Kau tunduk kepada alam selama belum melihat Penciptanya. Jika kau telah menyaksikan-Nya maka alam akan tunduk kepadamu."" 

 ~  Ibnu Athaillah ~

Running and Swimming Time 

#running 
#swimming 
#runforhumanity 
#runforibadah 
#justicerunners 
#bugarsepanjangusia 
#keepstrong 
#staystrong 
#visitlampung 
#visitlampungselatan 
#silahturahmi
#ayolebihbaik",2021-06-14 00:36:53,,29
CPpmWqGJi_Q,https://www.instagram.com/p/CPpmWqGJi_Q/,"#wonderfullindonesia
#wonderfulllampung
#amongkrui
#pesisirselatan 
#pesisirbaratlampung 
#lampunghits 
#visitlampung
#visitlampungbarat
#visitlampungselatan
#mulilampung",2021-06-03 07:43:06,,51
CODN20pFUDO,https://www.instagram.com/p/CODN20pFUDO/,"Kemeja Flanel Esprit
Rp 130.000
.
.
Original
Tersedia size M L dan XL
.
.
Whatsapp : 082226112926
Shopee : wfstoreofficial
.
.
#unssolo #umssurakarta #unyjogja #umyyogyakarta #ugmyogyakarta #unnessemarang #undipsemarang #iainsurakarta #uadyogyakarta #sukoharjo #solo #surakarta #boyolali #wonogiri #sragen #klaten #yogyakarta #jogja #kemejaflaneljambi #kemejaflanelbogor #kemejaflanelpalembang #kemejaflanelsuperpremium #kemejaflanelbekas #visitlampung #visitlampungbarat #visitlampungselatan #visitlampung2016 #visitlampung2017",2021-04-24 13:23:47,,1
CN5EmWUsuxn,https://www.instagram.com/p/CN5EmWUsuxn/,"Boyfriend Jeans
Kode : 7184
Rp 112.000
.
.
Tersedia ukuran 27 29 30
.
.
Whatsapp : 082226112926
Shopee : wfstoreofficial
.
.
#unscantik #umscantik #unycantik #umycantik #ugmcantik #uadcantik #unnescantik #undipcantik #unssolo #umssurakarta #undip #unnes #uny #ugm #umy #uad #boyfriendjeansmurahbanget #boyfriendjeansreadystock #boyfriendjeansbali #boyfriendjeansimport #boyfriendjeansgivanka #visitlampungbeach #visitlampung2k17 #visitlampungindonesia #visitlampungco #visitlampungselatan",2021-04-20 14:50:30,,0
CNOvj-XH77w,https://www.instagram.com/p/CNOvj-XH77w/,"The Amazing lampung selatan
@elty_krakatoa 
#eltykrakatoaresort
#visitlampung 
#visitlampungselatan",2021-04-04 04:18:34,,38
CNM_b70HA24,https://www.instagram.com/p/CNM_b70HA24/,"#Repost @mbeachlampung with @make_repost
・・・
Jadikan hari specialmu bersama orang-orang tercinta menjadi hari yang indah dan tak terlupakan. 
Dan biarkan kami menjadi bagian dari sejarah kebahagiaan yang akan kalian bangun... ☺️
Untuk kalian yang mau mengukir moment indahnya di Pantai @mbeachlampung. Boleh konsultasi soal paket-paket dekorasi dan harga yang bervariasi menyesuakan dengan kebutuhan anda. 😊
.
Buat kamu yang ingin mengadakan acara Gathering & Outing juga wedding seperti pasangan pengantin ini ? gak ada yang lain cuma @mbeachlampung 
Pilihan tepat untuk acaramu. 
Ayoo tunggu apalagi? 
Yuk seru seruan bareng di @mbeachlampung 
Bisa juga booking lewat Traveloka lho.
#traveling
#mbeachlampung
#pasirputih 
#pantaipasirputih 
#liburan 
#jalanjalan 
#kulinerlampung 
#kaliandanews
#kaliandalampungselatan
#lampungselatan
#lampungyay
#lampungeksis
#lampunggeh
#visitlampungselatan 
#kelilinglampung
#kelilingindonesia
#merakbakauheuni
#bakauheunimerak
#whitesandabeach
#indonesianwhitesandbeach
#beautifullindonesia
#beautifullwhitesandbeach
#pantaipasirputih
#pantaiberpasirputih
#summer
#pantaiberpasirputihlampungselatan
#mbeach
#merakbelantung
#ivokaniavidios",2021-04-03 11:58:48,,2
CMU2tKurqoY,https://www.instagram.com/p/CMU2tKurqoY/,""" Bersama Mentari 🌞 di Pagi Hari 🥰 🌊 ""

#mutunbeach #pantaimutunbandarlampung #mytrip_myadvtr #mtma_lampung #lampungwisata #traveloka #gymidols #mensfahion #ootdmen #menfashionpost #asianguy #traveltheworld #indotravellersco #pesonaindonesia #travelandleisureasia #travelandleisure #bestvacation #repostpic #photofoliomy #pesonalampung #mentaripagi #seaboat #kapallaut #beachboys #beachside #visitlampungselatan #explorelampung #lampungtrip #traveladdicts #sunrisesky",2021-03-12 16:45:02,,22
CJzw3Run81O,https://www.instagram.com/p/CJzw3Run81O/,"Karena di setiap perjalanan terdapat hikmah dan cerita yang berbeda
#visitindonesia 
#indonesiakeren 
#visitlampung
#visitlampungselatan 
#visitkalianda 
#lestarialamku
#purna1261-1262
#saudaratunaskelapa",2021-01-09 03:16:16,,57
CJTUkW-Mx3l,https://www.instagram.com/p/CJTUkW-Mx3l/,"Ada rindu mendekam dijiwa
Seperti merindukan senja disudut kota
Ada rindu yang selalu jatuh
Diterik sepi yang lupa berteduh
Semoga hati ini tak kan Rapuh
#pejuangLDR
#rindukamu
#dailyhijabootd#dailyhijabtraveller
#keduwarnakalianda#lampunghits
#lampungeksis#lampunggeh#visitlampung
#visitlampungselatan#lampungselatan
#kelampungyuk#kelampunggeh#keduwarna",2020-12-27 12:53:19,,43
CIxlrHRjMZY,https://www.instagram.com/p/CIxlrHRjMZY/,"Ayoo Kunjungi,
SLANIK WATERPARK
The Largest WATERPARK in Lampung

Anda bukan hanya bisa bermain air, di tempat ini banyak tempat rekreasi, ada juga kereta gantung yg patut anda coba.
Ayo manjakan keluarga anda segera disini..

Waterpark ini berada di Desa Karang Anyar, Kecamatan Jati Agung, Kabupaten Lampung Selatan

Reposted from @slanik.waterpark

#pariwisatalampung 
#wisataair 
#waterpark 
#slanikwaterparklampung 
#slanikwaterpark 
#lampungthetreasureofsumatra 
#waterboom 
#visitlampung 
#visitlampungselatan 
#lampungselatanindonesia 
#jatiagunglampungselatan",2020-12-14 10:28:36,,6
CGAUNVIH2PG,https://www.instagram.com/p/CGAUNVIH2PG/,"Janji Se-Jiwa ♥️
.
.
.
📷 : @the.remora.ibnu
#lfl💛
#mbeachkalianda #mbeach
#kaliandanews
#kaliandalampungselatan
#lampungselatan
#lampungyay
#lampungeksis
#lampunggeh
#visitlampungselatan
#visitlampung
#visitindonesia
#kelilinglampung
#kelilingindonesia
#merakbakauheuni
#bakauheunimerak
#whitesandabeach
#indonesianwhitesandbeach
#beautifullindonesia
#beautifullwhitesandbeach
#pantaipasirputih
#pantaipasirputihkalianda
#pantaiberpasirputih
#pantaiberpasirputihkalianda
#pantaiberpasirputihlampungselatan
#mbeach
#merakbelantung
#pantai_keren
#pantai_keren_lampung
#pantai_keren_lampung_selatan
#lfl",2020-10-06 14:10:25,,40
CEqP8NlHTnb,https://www.instagram.com/p/CEqP8NlHTnb/,"Sahabat syantik hanggum...kulit yg sehat terawat idaman setiap orang..ada yg suka glowing ada yang suka mate..kamu team yg mana? 

#klinikkecantikankalianda #doktertarrayuana #dokterkecantikankalianda #klinikkecantikanhanggum #hanggumbeauty_clinic #pejuangflek #pejuangjerawat #visitlampungselatan",2020-09-03 03:58:26,,6
CDN_I4Unsj3,https://www.instagram.com/p/CDN_I4Unsj3/,"satu lagi pulau cantik yang ada dilampung selatan kalian wajib banget explore !

""namanya mengkudu island""

pulau mengkudu ini teletak didaerah pesisir rajabasa yang berdekatan dengan gunung anak krakatau 

dipulau ini banyak sekali wahana dan wisata edukasi yang akan kalian dapatkan. mulai dari pasir timbul dan wisata batu lapis dan lain lain

tak kalah menarik pasir disini sangat putih dan recomend sekali bagi kalian yang ingin menikmati ketenangan deburan ombak pantai dengan dibaluri kenyamanan natural indahnya mengkudu island 

rute untuk mencapainya tidak lah sulit biaya terjangkau dan sangat recommend sekali untuk berlibur diakhir pekan yang pastinya tidak menguras kantong keluarga! 

mau tau info tentang mengkudu yang lainnya. jangan lupa travelling bersama kami.masi banyak info menarik yang harus kalian ketahui di Mengkudu island
...............
more info reservation follow & visit us @anugerah_travellers
see you. sampai bertemu di mengkudu island 🙏

#kembaliberwisata #newnormal 
#pariwisatalampung #visitlampung #visitlampungselatan #mengkuduisland #opentripmengkudu #anugerahtravellers 
#lampung #thetreasureofsumatra #wonderfulindonesia #pesonaidtravel #alwaysbeach #travelbuddyforlife",2020-07-29 08:01:30,,285
CC3e5bHgegD,https://www.instagram.com/p/CC3e5bHgegD/,"Let's say ""hamdallah"" for the opportunity to visit this beautiful place✨🌿
📷By @viormd27
.
.
.
#lampung #lampunggeh #lampunghits #wisatalampung #explorelampung #explorelampungselatan #visitlampung #visitlampungselatan #lampungselatan #gunungbatu #gunungbatutanjungbintang",2020-07-20 14:16:28,,494
CB8VjnUglqX,https://www.instagram.com/p/CB8VjnUglqX/,"Tuhan ku percaya engkau pasti telah merencanakan yang terbaik untuk diriku🤲😇🌊.
allah yuftah alaikum.
.
.
#alamlampung
#ceritatentanglaut
#wisatalampung 
#visitlampungselatan 
#tourlampung",2020-06-27 14:59:40,,17
CBYX1pwgb_f,https://www.instagram.com/p/CBYX1pwgb_f/,"Repost @andrej_ebennazar
• • • • • •

Bantu support 
@exflorer_sumatera 🙏🙏🙏🙏🙏 Ketahuilah rindu itu bumbu ketika kita bisa mengolahnya dengan benar akan hadirkan rasa yang luar biasa, 📍Desa Suak Kecamatan Sidomulyo  #lampungselatan
#pantaisuak 
#jelajahindonesia #pantaisuak #visitlampungselatan #lampungselatan #lampungselatanhits #exflorer_sumatera #exflor #wisatalampungselatan #visitlampung#kalianda #visitlampung",2020-06-13 15:47:14,,3
B980Stij5Pu,https://www.instagram.com/p/B980Stij5Pu/,"Apakabar?
.
.
.
.
.
.
.
#senja 
#senjanusantara
#senjasudutkota
#sunset
#sunset_pics 
#sunsetlover
#sunset_ig
#sunsetnusantara
#sunsetlampung
#sunsetlampungselatan
#aksarasenja
#aksarasenja17
#penikmatsenja
#pecandurindu
#pemujalara
#budaksajak
#hitskalianda 
#kalianda
#kaliandaig
#lampung 
#lampuunggeh
#lampunghits 
#explorelampungselatan 
#explorelampung
#visitlampungselatan
#visitlampung",2020-03-20 09:22:39,,51
B6nXtp3gmYc,https://www.instagram.com/p/B6nXtp3gmYc/,"Snorkling yoyoi 🙈
•
•
•
#pahawangisland #pahawangtrip #pahawangkuy #visitlampung #visitlampungselatan #snorklingindonesia #snorklingtrip #snorklingpahawangisland #snorklingpahawangislandlampung #pahawangkece #pahawang",2019-12-28 11:54:42,,53
B57wB9dAyAV,https://www.instagram.com/p/B57wB9dAyAV/,"Ke elokan simbol lampung yaitu manara siger tetap kokoh menjulang walau di pandang dari jauh kau tetap cantik lampung ku
:
:
Loc:📷bakau heni  Lampung
#lampungselatanindonesia #lampuunggeh #visitlampung #visitlampungselatan #lampunghelau #selampung #wajahlampung #wajahlampungku #jalanjalandilampung #wonderfullindonesia #wisatalampung #treveling #trevelingindonesia",2019-12-11 13:20:36,,54
B57uREQgNvl,https://www.instagram.com/p/B57uREQgNvl/,"Dermaga 2 bakau heni lampung..
#bandarlampung
#asdpbakauheni #lampuunggeh#visitlampung #visitlampungselatan #amazingpleaces #wajahlampung",2019-12-11 13:05:11,,82
B5y6RPZAqqm,https://www.instagram.com/p/B5y6RPZAqqm/,"Yang  dari pulau Jawa menuju pulau Sumatra boleh belokan kendaran y ke arah kiri di simpang gayam  menuju desa cugung yg sangat luar biasa u menikmati segala keindahan alam semesta 
escape dari rutinitas kehidupan

U yg ingin tahu lbeh detail destinasi di desa cugung  Lampung Selatan silahkan DM

Lokasi : desa cugung 
Destinasi wisata : Batu lapis .Curug Cijuet Bulakan pemandian air panas alami dan pulau mengkudu 
Yuk kita escape dr segala kepenatan rutinitas kehidupan menikmati persawahn yg di padu dg indah y pemandangan gunung rajabasa

#visitlampung#visitlampungselatan#visitcugung#gunungrajabasa#visitkalianda#indonesiaku",2019-12-08 02:57:44,,18
B4ZVwDMJKm9,https://www.instagram.com/p/B4ZVwDMJKm9/,#visitlampung #visitlampungselatan #kalianda,2019-11-03 08:05:23,,3
B4WmeUcHZek,https://www.instagram.com/p/B4WmeUcHZek/,"Buat kamu yang ingin mengadakan acara Gathering & Outing juga wedding seperti  ini ? gak ada yang lain cuma @mbeachlampung
Pilihan tepat untuk acaramu. 
Ayoo tunggu apalagi? 
Yuk seru seruan bareng di @mbeachlampung
Bisa juga booking lewat Traveloka lho.
Untuk info lebih lanjut soal pemesanan dan berbagai kebutuhan untuk acaramu, silahkan hubungi kami di nomor tlp yg ada di bio. Thanks 🤗
#traveling
#mbeachlampung
#pasirputih 
#pantaipasirputih 
#liburan 
#jalanjalan 
#kulinerlampung 
#kaliandanews
#kaliandalampungselatan
#lampungselatan
#lampungyay
#lampungeksis
#lampunggeh
#visitlampungselatan
#visitlampung
#visitindonesia
#kelilinglampung
#kelilingindonesia
#merakbakauheuni
#bakauheunimerak
#whitesandabeach
#indonesianwhitesandbeach
#beautifullindonesia
#beautifullwhitesandbeach
#pantaipasirputih
#pantaiberpasirputih
#summer
#pantaiberpasirputihlampungselatan
#mbeach
#merakbelantung
#ivokaniavidios",2019-11-02 06:33:48,,31
B4WmFirnIHZ,https://www.instagram.com/p/B4WmFirnIHZ/,"Jadikan hari specialmu bersama orang-orang tercinta menjadi hari yang indah dan tak terlupakan. 
Dan biarkan kami menjadi bagian dari sejarah kebahagiaan yang akan kalian bangun... ☺️
Untuk kalian yang mau mengukir moment indahnya di Pantai @mbeachlampung. Boleh konsultasi soal paket-paket dekorasi dan harga yang bervariasi menyesuakan dengan kebutuhan anda. 😊
.
.
Buat kamu yang ingin mengadakan acara Gathering & Outing juga wedding seperti pasangan pengantin ini ? gak ada yang lain cuma @mbeachlampung
Pilihan tepat untuk acaramu. 
Ayoo tunggu apalagi? 
Yuk seru seruan bareng di @mbeachlampung
Bisa juga booking lewat Traveloka lho.
#traveling
#mbeachlampung
#pasirputih 
#pantaipasirputih 
#liburan 
#jalanjalan 
#kulinerlampung 
#kaliandanews
#kaliandalampungselatan
#lampungselatan
#lampungyay
#lampungeksis
#lampunggeh
#visitlampungselatan
#visitlampung
#visitindonesia
#kelilinglampung
#kelilingindonesia
#merakbakauheuni
#bakauheunimerak
#whitesandabeach
#indonesianwhitesandbeach
#beautifullindonesia
#beautifullwhitesandbeach
#pantaipasirputih
#pantaiberpasirputih
#summer
#pantaiberpasirputihlampungselatan
#mbeach
#merakbelantung
#ivokaniavidios",2019-11-02 06:30:25,,50
B4WlXUbnloI,https://www.instagram.com/p/B4WlXUbnloI/,"Jadikan hari specialmu bersama orang-orang tercinta menjadi hari ang indah dan tak terlupakan. 
Dan biarkan kami menjadi bagian dari sejarah kebahagiaan yang akan kalian bangun... ☺️
Thanks buat Pengantin cantik @shahnazap
 And her boy @arindorobby yang sudah mau mengukir moment indahnya di Pantai @mbeachlampung . 😊
.
.
Buat kamu yang ingin mengadakan acara Gathering & Outing juga wedding seperti pasangan pengantin ini ? gak ada yang lain cuma @mbeachlampung
Pilihan tepat untuk acaramu. 
Ayoo tunggu apalagi? 
Yuk seru seruan bareng di @mbeachlampung
Bisa juga booking lewat Traveloka lho.
#traveling
#mbeachlampung
#pasirputih 
#pantaipasirputih 
#liburan 
#jalanjalan 
#kulinerlampung 
#kaliandanews
#kaliandalampungselatan
#lampungselatan
#lampungyay
#lampungeksis
#lampunggeh
#visitlampungselatan
#visitlampung
#visitindonesia
#kelilinglampung
#kelilingindonesia
#merakbakauheuni
#bakauheunimerak
#whitesandabeach
#indonesianwhitesandbeach
#beautifullindonesia
#beautifullwhitesandbeach
#pantaipasirputih
#pantaiberpasirputih
#summer
#pantaiberpasirputihlampungselatan
#mbeach
#merakbelantung
#ivokaniavidios",2019-11-02 06:24:06,,58
B31ImcgnKDq,https://www.instagram.com/p/B31ImcgnKDq/,"Thankyou guyss.. udah nyempetin waktunya untuk berlibur dan melepas penat di @mbeachlampung 😍☺️ gak bakal nyesel deh, 
Karena kamu bakal dapetin pengalaman liburan yang gak terlupakan dan bisa dapatkan potongan tiket masuk seperti mereka ini lho !
Yuk follow ig kita sekarang juga. 😉
.
.
.
. 🍸🍹🏖️🏝️
#traveling
#mbeachlampung
#pasirputih 
#pantaipasirputih 
#liburan 
#jalanjalan 
#kulinerlampung 
#kaliandanews
#kaliandalampungselatan
#lampungselatan
#lampungyay
#lampungeksis
#lampunggeh
#visitlampungselatan
#visitlampung
#visitindonesia
#kelilinglampung
#kelilingindonesia
#merakbakauheuni
#bakauheunimerak
#whitesandabeach
#indonesianwhitesandbeach
#beautifullindonesia
#beautifullwhitesandbeach
#pantaipasirputih
#pantaiberpasirputih
#summer
#pantaiberpasirputihlampungselatan
#mbeach
#merakbelantung
#ivokaniavidios",2019-10-20 06:37:49,,64
B31IXaTHume,https://www.instagram.com/p/B31IXaTHume/,"Thanks you bro n sist udah mampir ke @mbeachlampung 😘
.
.
.
. 🍸🍹🏖️🏝️
#traveling
#mbeachlampung
#pasirputih 
#pantaipasirputih 
#liburan 
#jalanjalan 
#kulinerlampung 
#kaliandanews
#kaliandalampungselatan
#lampungselatan
#lampungyay
#lampungeksis
#lampunggeh
#visitlampungselatan
#visitlampung
#visitindonesia
#kelilinglampung
#kelilingindonesia
#merakbakauheuni
#bakauheunimerak
#whitesandabeach
#indonesianwhitesandbeach
#beautifullindonesia
#beautifullwhitesandbeach
#pantaipasirputih
#pantaiberpasirputih
#summer
#pantaiberpasirputihlampungselatan
#mbeach
#merakbelantung
#ivokaniavidios",2019-10-20 06:35:46,,36
B3tDzY7g7sZ,https://www.instagram.com/p/B3tDzY7g7sZ/,Blue..... #visitlampungselatan,2019-10-17 03:21:59,,19
B3RFR8tH2zh,https://www.instagram.com/p/B3RFR8tH2zh/,"Liburan, santuy bareng temen atau keluarga.
Menikmati kesejukan angin pantai hari ini.
Thanks buat temen2 dari bandar lampung @nov_f4 , @ayudiniyyah , @rikarahmalia6, @septiidwi013
Yang belum mampir, jgn sampai nyesel yak. 😉
Karena kamu bakal dapetin pengalaman liburan yang gak terlupakan dan bisa dapatkan potongan tiket masuk seperti mereka ini lho !
Yuk follow ig kita sekarang juga. 😉
.
.
.
. 🍸🍹🏖️🏝️
#traveling
#mbeachlampung
#pasirputih 
#pantaipasirputih 
#liburan 
#jalanjalan 
#kulinerlampung 
#kaliandanews
#kaliandalampungselatan
#lampungselatan
#lampungyay
#lampungeksis
#lampunggeh
#visitlampungselatan
#visitlampung
#visitindonesia
#kelilinglampung
#kelilingindonesia
#merakbakauheuni
#bakauheunimerak
#whitesandabeach
#indonesianwhitesandbeach
#beautifullindonesia
#beautifullwhitesandbeach
#pantaipasirputih
#pantaiberpasirputih
#summer
#pantaiberpasirputihlampungselatan
#mbeach
#merakbelantung
#ivokaniavidios",2019-10-06 06:36:09,,49
B3Q-qflnQQY,https://www.instagram.com/p/B3Q-qflnQQY/,"Yang belum mampir, jgn sampai nyesel yak belum mampir ke @mbeachlampung 😉
Karena kamu bakal dapetin pengalaman liburan yang gak terlupakan dan bisa dapatkan potongan tiket masuk seperti mereka ini lho !
Yuk follow ig kita sekarang juga. 😉
.
.
.
. 🍸🍹🏖️🏝️
#traveling
#mbeachlampung
#pasirputih 
#pantaipasirputih 
#liburan 
#jalanjalan 
#kulinerlampung 
#kaliandanews
#kaliandalampungselatan
#lampungselatan
#lampungyay
#lampungeksis
#lampunggeh
#visitlampungselatan
#visitlampung
#visitindonesia
#kelilinglampung
#kelilingindonesia
#merakbakauheuni
#bakauheunimerak
#whitesandabeach
#indonesianwhitesandbeach
#beautifullindonesia
#beautifullwhitesandbeach
#pantaipasirputih
#pantaiberpasirputih
#summer
#pantaiberpasirputihlampungselatan
#mbeach
#merakbelantung
#ivokaniavidios",2019-10-06 05:38:20,,32
B3Q-hLlnlND,https://www.instagram.com/p/B3Q-hLlnlND/,"Liburan, santuy bareng temen atau keluarga.
Menikmati kesejukan angin pantai hari ini.
Thanks yaa temen2 dari AHS Pringsewu ! 
Yang belum mampir, jgn sampai nyesel yak. 😉
Karena kamu bakal dapetin pengalaman liburan yang gak terlupakan dan bisa dapatkan potongan tiket masuk seperti mereka ini lho !
Yuk follow ig kita sekarang juga. 😉
.
.
.
. 🍸🍹🏖️🏝️
#traveling
#mbeachlampung
#pasirputih 
#pantaipasirputih 
#liburan 
#jalanjalan 
#kulinerlampung 
#kaliandanews
#kaliandalampungselatan
#lampungselatan
#lampungyay
#lampungeksis
#lampunggeh
#visitlampungselatan
#visitlampung
#visitindonesia
#kelilinglampung
#kelilingindonesia
#merakbakauheuni
#bakauheunimerak
#whitesandabeach
#indonesianwhitesandbeach
#beautifullindonesia
#beautifullwhitesandbeach
#pantaipasirputih
#pantaiberpasirputih
#summer
#pantaiberpasirputihlampungselatan
#mbeach
#merakbelantung
#ivokaniavidios",2019-10-06 05:37:04,,45
B3J0lERBZIe,https://www.instagram.com/p/B3J0lERBZIe/,"Dan akhirnya otw lampung lagi
#nostalgia
#drivermudaindonesia 
#visitlampungselatan",2019-10-03 10:55:32,,13
B28v5XfnJjV,https://www.instagram.com/p/B28v5XfnJjV/,"Thanks to ibu - ibu PKK dari Muaro Jambi.. 😍
Jangan bosen yaa kuy ke @mbeachlampung
Menikmati kesejukan angin pantai hari ini.
Yang belum mampir, jgn sampai nyesel yak. 😉
Karena kamu bakal dapetin pengalaman liburan yang gak terlupakan dan bisa dapatkan potongan tiket masuk seperti mereka ini lho !
Yuk follow ig kita sekarang juga. 😉
.
.
.
. 🍸🍹🏖️🏝️
#traveling
#mbeachlampung
#pasirputih 
#pantaipasirputih 
#liburan 
#jalanjalan 
#kulinerlampung 
#kaliandanews
#kaliandalampungselatan
#lampungselatan
#lampungyay
#lampungeksis
#lampunggeh
#visitlampungselatan
#visitlampung
#visitindonesia
#kelilinglampung
#kelilingindonesia
#merakbakauheuni
#bakauheunimerak
#whitesandabeach
#indonesianwhitesandbeach
#beautifullindonesia
#beautifullwhitesandbeach
#pantaipasirputih
#pantaiberpasirputih
#summer
#pantaiberpasirputihlampungselatan
#mbeach
#merakbelantung
#ivokaniavidios",2019-09-28 09:04:29,,22
B28t7grHjAQ,https://www.instagram.com/p/B28t7grHjAQ/,"Salah satu yang paling cantik dari yang cantik - cantik..
Ibu - ibu PKK dari Muaro Jambi.. 😍
Mari ajak keluarga dan sanak saudara kalian kesini. 
Menikmati kesejukan angin pantai hari ini.
Yang belum mampir, jgn sampai nyesel yak. 😉
Karena kamu bakal dapetin pengalaman liburan yang gak terlupakan dan bisa dapatkan potongan tiket masuk seperti mereka ini lho !
Yuk follow ig kita sekarang juga. 😉
.
.
.
. 🍸🍹🏖️🏝️
#traveling
#mbeachlampung
#pasirputih 
#pantaipasirputih 
#liburan 
#jalanjalan 
#kulinerlampung 
#kaliandanews
#kaliandalampungselatan
#lampungselatan
#lampungyay
#lampungeksis
#lampunggeh
#visitlampungselatan
#visitlampung
#visitindonesia
#kelilinglampung
#kelilingindonesia
#merakbakauheuni
#bakauheunimerak
#whitesandabeach
#indonesianwhitesandbeach
#beautifullindonesia
#beautifullwhitesandbeach
#pantaipasirputih
#pantaiberpasirputih
#summer
#pantaiberpasirputihlampungselatan
#mbeach
#merakbelantung
#ivokaniavidios",2019-09-28 08:47:18,,45
B28teMAHkim,https://www.instagram.com/p/B28teMAHkim/,"Thanks to ibu - ibu PKK dari Muaro Jambi.. 😍

Menikmati kesejukan angin pantai hari ini.
Yang belum mampir, jgn sampai nyesel yak. 😉
Karena kamu bakal dapetin pengalaman liburan yang gak terlupakan dan bisa dapatkan potongan tiket masuk seperti mereka ini lho !
Yuk follow ig kita sekarang juga. 😉
.
.
.
. 🍸🍹🏖️🏝️
#traveling
#mbeachlampung
#pasirputih 
#pantaipasirputih 
#liburan 
#jalanjalan 
#kulinerlampung 
#kaliandanews
#kaliandalampungselatan
#lampungselatan
#lampungyay
#lampungeksis
#lampunggeh
#visitlampungselatan
#visitlampung
#visitindonesia
#kelilinglampung
#kelilingindonesia
#merakbakauheuni
#bakauheunimerak
#whitesandabeach
#indonesianwhitesandbeach
#beautifullindonesia
#beautifullwhitesandbeach
#pantaipasirputih
#pantaiberpasirputih
#summer
#pantaiberpasirputihlampungselatan
#mbeach
#merakbelantung
#ivokaniavidios",2019-09-28 08:43:18,,30
B2s5Q7InDqR,https://www.instagram.com/p/B2s5Q7InDqR/,"Liburan, santuy bareng temen atau keluarga.
Menikmati kesejukan angin pantai hari ini.
Yang belum mampir, jgn sampai nyesel yak. 😉
Karena kamu bakal dapetin pengalaman liburan yang gak terlupakan dan bisa dapatkan potongan tiket masuk seperti mereka ini lho !
Yuk follow ig kita sekarang juga. 😉
.
.
.
. 🍸🍹🏖️🏝️
#traveling
#mbeachlampung
#pasirputih 
#pantaipasirputih 
#liburan 
#jalanjalan 
#kulinerlampung 
#kaliandanews
#kaliandalampungselatan
#lampungselatan
#lampungyay
#lampungeksis
#lampunggeh
#visitlampungselatan
#visitlampung
#visitindonesia
#kelilinglampung
#kelilingindonesia
#merakbakauheuni
#bakauheunimerak
#whitesandabeach
#indonesianwhitesandbeach
#beautifullindonesia
#beautifullwhitesandbeach
#pantaipasirputih
#pantaiberpasirputih
#summer
#pantaiberpasirputihlampungselatan
#mbeach
#merakbelantung
#ivokaniavidios",2019-09-22 05:18:30,,30
B2s0nPIHkSF,https://www.instagram.com/p/B2s0nPIHkSF/,"Harinya Cerah banget lhoo..cocok banget nih ke @mbeachlampung

Liburan, santuy bareng temen atau keluarga.
Menikmati kesejukan angin pantai hari ini.
Yang belum mampir, jgn sampai nyesel yak. 😉
Karena kamu bakal dapetin pengalaman liburan yang gak terlupakan dan bisa dapatkan potongan tiket masuk seperti mereka ini lho !
Yuk follow ig kita sekarang juga. 😉
.
.
.
. 🍸🍹🏖️🏝️
#traveling
#mbeachlampung
#pasirputih 
#pantaipasirputih 
#liburan 
#jalanjalan 
#kulinerlampung 
#kaliandanews
#kaliandalampungselatan
#lampungselatan
#lampungyay
#lampungeksis
#lampunggeh
#visitlampungselatan
#visitlampung
#visitindonesia
#kelilinglampung
#kelilingindonesia
#merakbakauheuni
#bakauheunimerak
#whitesandabeach
#indonesianwhitesandbeach
#beautifullindonesia
#beautifullwhitesandbeach
#pantaipasirputih
#pantaiberpasirputih
#summer
#pantaiberpasirputihlampungselatan
#mbeach
#merakbelantung
#ivokaniavidios",2019-09-22 04:37:51,,17
B2stKN1nTYW,https://www.instagram.com/p/B2stKN1nTYW/,"Ciwi- Ciwi Cantiikk 😍
mereka Jauh2 dari Jakarta karna penasaran sama Pantai @mbeachlampung
Yang lagi Viral itu Lho 😂😁
Kamu yang deket dihati jauh dimata, jangan lupa main-main kesini yaaa 😅😋.
.
Liburan, santuy bareng temen atau keluarga.
Menikmati kesejukan angin pantai hari ini.
Yang belum mampir, jgn sampai nyesel yak. 😉
Karena kamu bakal dapetin pengalaman liburan yang gak terlupakan dan bisa dapatkan potongan tiket masuk seperti mereka ini lho !
Yuk follow ig kita sekarang juga. 😉
.
.
.
. 🍸🍹🏖️🏝️
#traveling
#mbeachlampung
#pasirputih 
#pantaipasirputih 
#liburan 
#jalanjalan 
#kulinerlampung 
#kaliandanews
#kaliandalampungselatan
#lampungselatan
#lampungyay
#lampungeksis
#lampunggeh
#visitlampungselatan
#visitlampung
#visitindonesia
#kelilinglampung
#kelilingindonesia
#merakbakauheuni
#bakauheunimerak
#whitesandabeach
#indonesianwhitesandbeach
#beautifullindonesia
#beautifullwhitesandbeach
#pantaipasirputih
#pantaiberpasirputih
#summer
#pantaiberpasirputihlampungselatan
#mbeach
#merakbelantung
#ivokaniavidios",2019-09-22 03:32:43,,28
B2bKVqXHklX,https://www.instagram.com/p/B2bKVqXHklX/,"Nyanyi lagu pantai.. mari kita santai yeeahh 😎 .
.
.
Liburan, santuy bareng temen atau keluarga.
Menikmati kesejukan angin pantai hari ini.
Yang belum mampir, jgn sampai nyesel yak. 😉
Karena kamu bakal dapetin pengalaman liburan yang gak terlupakan dan bisa dapatkan potongan tiket masuk sampai Rp. 10.000 lho !
Yuk follow ig kita sekarang juga.
Syarat dan Ketentuan Berlaku ya gaess. 😉
.
.
.
. 🍸🍹🏖️🏝️
#traveling
#mbeachlampung
#pasirputih 
#pantaipasirputih 
#liburan 
#jalanjalan 
#kulinerlampung 
#kaliandanews
#kaliandalampungselatan
#lampungselatan
#lampungyay
#lampungeksis
#lampunggeh
#visitlampungselatan
#visitlampung
#visitindonesia
#kelilinglampung
#kelilingindonesia
#merakbakauheuni
#bakauheunimerak
#whitesandabeach
#indonesianwhitesandbeach
#beautifullindonesia
#beautifullwhitesandbeach
#pantaipasirputih
#pantaiberpasirputih
#summer
#pantaiberpasirputihlampungselatan
#mbeach
#merakbelantung
#ivokaniavidios",2019-09-15 08:01:22,,16
B2bKQdkHuJ-,https://www.instagram.com/p/B2bKQdkHuJ-/,"Relaxing on beach at @mbeachlampung
😍
.
.
.
Liburan, santuy bareng temen atau keluarga.
Menikmati kesejukan angin pantai hari ini.
Yang belum mampir, jgn sampai nyesel yak. 😉
Karena kamu bakal dapetin pengalaman liburan yang gak terlupakan dan bisa dapatkan potongan tiket masuk sampai Rp. 10.000 lho !
Yuk follow ig kita sekarang juga.
Syarat dan Ketentuan Berlaku ya gaess. 😉
.
.
.
. 🍸🍹🏖️🏝️
#traveling
#mbeachlampung
#pasirputih 
#pantaipasirputih 
#liburan 
#jalanjalan 
#kulinerlampung 
#kaliandanews
#kaliandalampungselatan
#lampungselatan
#lampungyay
#lampungeksis
#lampunggeh
#visitlampungselatan
#visitlampung
#visitindonesia
#kelilinglampung
#kelilingindonesia
#merakbakauheuni
#bakauheunimerak
#whitesandabeach
#indonesianwhitesandbeach
#beautifullindonesia
#beautifullwhitesandbeach
#pantaipasirputih
#pantaiberpasirputih
#summer
#pantaiberpasirputihlampungselatan
#mbeach
#merakbelantung
#ivokaniavidios",2019-09-15 08:00:39,,31
B2bJ6ERHydf,https://www.instagram.com/p/B2bJ6ERHydf/,"So funny today with you...😍
.
.
.
Liburan, santuy bareng temen atau keluarga.
Menikmati kesejukan angin pantai hari ini.
Yang belum mampir, jgn sampai nyesel yak. 😉
Karena kamu bakal dapetin pengalaman liburan yang gak terlupakan dan bisa dapatkan potongan tiket masuk sampai Rp. 10.000 lho !
Yuk follow ig kita sekarang juga.
Syarat dan Ketentuan Berlaku ya gaess. 😉
.
.
.
. 🍸🍹🏖️🏝️
#traveling
#mbeachlampung
#pasirputih 
#pantaipasirputih 
#liburan 
#jalanjalan 
#kulinerlampung 
#kaliandanews
#kaliandalampungselatan
#lampungselatan
#lampungyay
#lampungeksis
#lampunggeh
#visitlampungselatan
#visitlampung
#visitindonesia
#kelilinglampung
#kelilingindonesia
#merakbakauheuni
#bakauheunimerak
#whitesandabeach
#indonesianwhitesandbeach
#beautifullindonesia
#beautifullwhitesandbeach
#pantaipasirputih
#pantaiberpasirputih
#summer
#pantaiberpasirputihlampungselatan
#mbeach
#merakbelantung
#ivokaniavidios",2019-09-15 07:57:36,,18
B2QOqlXHLZX,https://www.instagram.com/p/B2QOqlXHLZX/,"Liburan, santuy sambil berdendang 😍
Harga special untuk kamu yang masuk dihari ini, cuma Rp. 25.000/pax 
Dan bisa dapatkan potongan tiket masuk sampai Rp. 10.000 lho !
Yuk follow ig kita sekarang juga.
Syarat dan Ketentuan Berlaku ya gaess. 😉
.
.
.
. 🍸🍹🏖️🏝️
#traveling
#mbeachlampung
#pasirputih 
#pantaipasirputih 
#liburan 
#jalanjalan 
#kulinerlampung 
#kaliandanews
#kaliandalampungselatan
#lampungselatan
#lampungyay
#lampungeksis
#lampunggeh
#visitlampungselatan
#visitlampung
#visitindonesia
#kelilinglampung
#kelilingindonesia
#merakbakauheuni
#bakauheunimerak
#whitesandabeach
#indonesianwhitesandbeach
#beautifullindonesia
#beautifullwhitesandbeach
#pantaipasirputih
#pantaiberpasirputih
#summer
#pantaiberpasirputihlampungselatan
#mbeach
#merakbelantung
#ivokaniavidios",2019-09-11 02:07:31,,13
B2QOZOfHUUK,https://www.instagram.com/p/B2QOZOfHUUK/,"Liburan, santuy sambil berdendang 😍
Harga special untuk kamu yang masuk dihari ini, cuma Rp. 25.000/pax 
Dan bisa dapatkan potongan tiket masuk sampai Rp. 10.000 lho !
Yuk follow ig kita sekarang juga.
Syarat dan Ketentuan Berlaku ya gaess. 😉
.
.
.
. 🍸🍹🏖️🏝️
#traveling
#mbeachlampung
#pasirputih 
#pantaipasirputih 
#liburan 
#jalanjalan 
#kulinerlampung 
#kaliandanews
#kaliandalampungselatan
#lampungselatan
#lampungyay
#lampungeksis
#lampunggeh
#visitlampungselatan
#visitlampung
#visitindonesia
#kelilinglampung
#kelilingindonesia
#merakbakauheuni
#bakauheunimerak
#whitesandabeach
#indonesianwhitesandbeach
#beautifullindonesia
#beautifullwhitesandbeach
#pantaipasirputih
#pantaiberpasirputih
#summer
#pantaiberpasirputihlampungselatan
#mbeach
#merakbelantung
#ivokaniavidios",2019-09-11 02:05:09,,24
B2QOSP3HOfP,https://www.instagram.com/p/B2QOSP3HOfP/,"Liburan, santuy sambil berdendang 😍
Harga special untuk kamu yang masuk dihari ini, cuma Rp. 25.000/pax 
Dan bisa dapatkan potongan tiket masuk sampai Rp. 10.000 lho !
Yuk follow ig kita sekarang juga.
Syarat dan Ketentuan Berlaku ya gaess. 😉
.
.
.
. 🍸🍹🏖️🏝️
#traveling
#mbeachlampung
#pasirputih 
#pantaipasirputih 
#liburan 
#jalanjalan 
#kulinerlampung 
#kaliandanews
#kaliandalampungselatan
#lampungselatan
#lampungyay
#lampungeksis
#lampunggeh
#visitlampungselatan
#visitlampung
#visitindonesia
#kelilinglampung
#kelilingindonesia
#merakbakauheuni
#bakauheunimerak
#whitesandabeach
#indonesianwhitesandbeach
#beautifullindonesia
#beautifullwhitesandbeach
#pantaipasirputih
#pantaiberpasirputih
#summer
#pantaiberpasirputihlampungselatan
#mbeach
#merakbelantung
#ivokaniavidios",2019-09-11 02:04:12,,23
B2JZfAilblj,https://www.instagram.com/p/B2JZfAilblj/,"Sejuukk 😍 #traveling
#mbeachlampung
#pasirputih 
#pantaipasirputih 
#liburan 
#jalanjalan 
#kulinerlampung 
#kaliandanews
#kaliandalampungselatan
#lampungselatan
#lampungyay
#lampungeksis
#lampunggeh
#visitlampungselatan
#visitlampung
#visitindonesia
#kelilinglampung
#kelilingindonesia
#merakbakauheuni
#bakauheunimerak
#whitesandabeach
#indonesianwhitesandbeach
#beautifullindonesia
#beautifullwhitesandbeach
#pantaipasirputih
#pantaiberpasirputih
#summer
#pantaiberpasirputihlampungselatan
#mbeach
#merakbelantung
#ivokaniavidios",2019-09-08 10:27:23,,21
B2JZaXuFV5V,https://www.instagram.com/p/B2JZaXuFV5V/,"Seneng kan main di @mbeachlampung 
Pasirnya bersih lho.
😍 #traveling
#mbeachlampung
#pasirputih 
#pantaipasirputih 
#liburan 
#jalanjalan 
#kulinerlampung 
#kaliandanews
#kaliandalampungselatan
#lampungselatan
#lampungyay
#lampungeksis
#lampunggeh
#visitlampungselatan
#visitlampung
#visitindonesia
#kelilinglampung
#kelilingindonesia
#merakbakauheuni
#bakauheunimerak
#whitesandabeach
#indonesianwhitesandbeach
#beautifullindonesia
#beautifullwhitesandbeach
#pantaipasirputih
#pantaiberpasirputih
#summer
#pantaiberpasirputihlampungselatan
#mbeach
#merakbelantung
#ivokaniavidios",2019-09-08 10:26:45,,40
B2JZPGLFowm,https://www.instagram.com/p/B2JZPGLFowm/,"So Funny day 😸
 #traveling
#mbeachlampung
#pasirputih 
#pantaipasirputih 
#liburan 
#jalanjalan 
#kulinerlampung 
#kaliandanews
#kaliandalampungselatan
#lampungselatan
#lampungyay
#lampungeksis
#lampunggeh
#visitlampungselatan
#visitlampung
#visitindonesia
#kelilinglampung
#kelilingindonesia
#merakbakauheuni
#bakauheunimerak
#whitesandabeach
#indonesianwhitesandbeach
#beautifullindonesia
#beautifullwhitesandbeach
#pantaipasirputih
#pantaiberpasirputih
#summer
#pantaiberpasirputihlampungselatan
#mbeach
#merakbelantung
#ivokaniavidios",2019-09-08 10:25:12,,22
B1-7fmAlrIA,https://www.instagram.com/p/B1-7fmAlrIA/,"Srupuuut kopinya gaess biar gak ngantukk.. 😁😍 #traveling
#mbeachlampung
#pasirputih 
#pantaipasirputih 
#liburan 
#jalanjalan 
#kulinerlampung 
#kaliandanews
#kaliandalampungselatan
#lampungselatan
#lampungyay
#lampungeksis
#lampunggeh
#visitlampungselatan
#visitlampung
#visitindonesia
#kelilinglampung
#kelilingindonesia
#merakbakauheuni
#bakauheunimerak
#whitesandabeach
#indonesianwhitesandbeach
#beautifullindonesia
#beautifullwhitesandbeach
#pantaipasirputih
#pantaiberpasirputih
#summer
#pantaiberpasirputihlampungselatan
#mbeach
#merakbelantung
#ivokaniavidios",2019-09-04 08:52:55,,32
B1-7ZOtFBn-,https://www.instagram.com/p/B1-7ZOtFBn-/,"Jalan - Jalan Sore 
Dipinggir pantai @mbeachlampung 😂🍃🍃😎 #traveling
#mbeachlampung
#pasirputih 
#pantaipasirputih 
#liburan 
#jalanjalan 
#kulinerlampung 
#kaliandanews
#kaliandalampungselatan
#lampungselatan
#lampungyay
#lampungeksis
#lampunggeh
#visitlampungselatan
#visitlampung
#visitindonesia
#kelilinglampung
#kelilingindonesia
#merakbakauheuni
#bakauheunimerak
#whitesandabeach
#indonesianwhitesandbeach
#beautifullindonesia
#beautifullwhitesandbeach
#pantaipasirputih
#pantaiberpasirputih
#summer
#pantaiberpasirputihlampungselatan
#mbeach
#merakbelantung
#ivokaniavidios",2019-09-04 08:52:02,,18
B1-7OQyFjs-,https://www.instagram.com/p/B1-7OQyFjs-/,"#traveling
#mbeachlampung
#pasirputih 
#pantaipasirputih 
#liburan 
#jalanjalan 
#kulinerlampung 
#kaliandanews
#kaliandalampungselatan
#lampungselatan
#lampungyay
#lampungeksis
#lampunggeh
#visitlampungselatan
#visitlampung
#visitindonesia
#kelilinglampung
#kelilingindonesia
#merakbakauheuni
#bakauheunimerak
#whitesandabeach
#indonesianwhitesandbeach
#beautifullindonesia
#beautifullwhitesandbeach
#pantaipasirputih
#pantaiberpasirputih
#summer
#pantaiberpasirputihlampungselatan
#mbeach
#merakbelantung
#ivokaniavidios",2019-09-04 08:50:33,,40
B1x_ACFnWnT,https://www.instagram.com/p/B1x_ACFnWnT/,"Melihat jauh kedlam alam dan kemudian anda mengerti sgala sesuatu yg lebih baik🌊🍃
#lampungselatan #kaliandaig #kalianda #pantaitapakkera #pantaitapakkerakalianda #merakbelantung #pantai🌴 #jalanjalanlampung #lampunginsta #lampungkece #lampunghits #lampung #lampunggeh #lampungpunyacerita #ilovelampung #inilampungyay #kelilinglampung #visitlampung #visitlampungselatan #wisatalampungexsis #potretlampung📷",2019-08-30 08:13:26,,72
B1pTEy9Bjd8,https://www.instagram.com/p/B1pTEy9Bjd8/,"Selamat pagi semua selamat beraktifitas,hari ini masih ready nih di jakarta semua mobil,bagi yg mau berangkat ke lampung hari ini bisa wa 081382135492 siap jemput depan rumah & di antar depan rumah🙏
#travelling #tourtravellampung #travelserangcilegon #traveltangerang #sewamobilserpong #sewaapv #visitlampungtimur #visitlampungselatan",2019-08-26 23:15:41,,3
B1fiiYvl3Z3,https://www.instagram.com/p/B1fiiYvl3Z3/,"Bertemakan ""BUMN Hadir Untuk Negeri"" bersama PT. Bukit Asam. 
Ini adalah salah satu penampilan dari Siswa-siswi dari Maluku yang tergabung dalam sebuah program pertukaran pelajar ""Siswa Mengenal Nusantara""
Buat kamu yang ingin mengadakan acara Gathering & Outing cuma @mbeachlampung
Pilihan tepat untuk acaramu. 
Ayoo tunggu apalagi? 
Yuk seru seruan bareng di @mbeachlampung
Bisa juga booking lewat Traveloka lho.
#traveling
#mbeachlampung
#pasirputih 
#pantaipasirputih 
#liburan 
#jalanjalan 
#kulinerlampung 
#kaliandanews
#kaliandalampungselatan
#lampungselatan
#lampungyay
#lampungeksis
#lampunggeh
#visitlampungselatan
#visitlampung
#visitindonesia
#kelilinglampung
#kelilingindonesia
#merakbakauheuni
#bakauheunimerak
#whitesandabeach
#indonesianwhitesandbeach
#beautifullindonesia
#beautifullwhitesandbeach
#pantaipasirputih
#pantaiberpasirputih
#summer
#pantaiberpasirputihlampungselatan
#mbeach
#merakbelantung
#ivokaniavidios",2019-08-23 04:18:23,,27
B1fhvO9F9MS,https://www.instagram.com/p/B1fhvO9F9MS/,"Fun Games bareng Spectrum Outbond bersama PT. Bukit Asam. 
Buat kamu yang mau adain acara Gathering & Outing cuma @mbeachlampung
Pilihan tepat untuk acaramu. 
Ayoo tunggu apalagi? 
Yuk seru seruan bareng di @mbeachlampung
#traveling
#mbeachlampung
#pasirputih 
#pantaipasirputih 
#liburan 
#jalanjalan 
#kulinerlampung 
#kaliandanews
#kaliandalampungselatan
#lampungselatan
#lampungyay
#lampungeksis
#lampunggeh
#visitlampungselatan
#visitlampung
#visitindonesia
#kelilinglampung
#kelilingindonesia
#merakbakauheuni
#bakauheunimerak
#whitesandabeach
#indonesianwhitesandbeach
#beautifullindonesia
#beautifullwhitesandbeach
#pantaipasirputih
#pantaiberpasirputih
#summer
#pantaiberpasirputihlampungselatan
#mbeach
#merakbelantung
#ivokaniavidios",2019-08-23 04:11:48,,16
B1fhcalFzFU,https://www.instagram.com/p/B1fhcalFzFU/,"Fun Games bareng Spectrum Outbond bersama PT. Bukit Asam. 
Buat kamu yang mau adain acara Gathering & Outing cuma @mbeachlampung
Pilihan tepat untuk acaramu. 
Ayoo tunggu apalagi? 
Yuk seru seruan bareng di @mbeachlampung
#traveling
#mbeachlampung
#pasirputih 
#pantaipasirputih 
#liburan 
#jalanjalan 
#kulinerlampung 
#kaliandanews
#kaliandalampungselatan
#lampungselatan
#lampungyay
#lampungeksis
#lampunggeh
#visitlampungselatan
#visitlampung
#visitindonesia
#kelilinglampung
#kelilingindonesia
#merakbakauheuni
#bakauheunimerak
#whitesandabeach
#indonesianwhitesandbeach
#beautifullindonesia
#beautifullwhitesandbeach
#pantaipasirputih
#pantaiberpasirputih
#summer
#pantaiberpasirputihlampungselatan
#mbeach
#merakbelantung
#ivokaniavidios",2019-08-23 04:09:20,,27
B1Pxh6AAVRq,https://www.instagram.com/p/B1Pxh6AAVRq/,#wonderfullindonesia #visitindonesia #suaksumateraresort #beachindonesia #indonesianbeauty #visitlampungselatan #lampungselatan #beachtravellers #naturebeach #indonesiamerdeka74 #indonesiaindependenceday,2019-08-17 01:21:32,,17
B1I82l3FdP4,https://www.instagram.com/p/B1I82l3FdP4/,"Buat kamu yang belum pernah berkunjung ke  @mbeachlampung pasti bakal ketagihan deh 
Cobain wahana baru yg bakal menguji adrenaline kamu ini 
Ayoo tunggu apalagi? 
Yuk seru seruan bareng di @mbeachlampung
#traveling
#mbeachlampung
#pasirputih 
#pantaipasirputih 
#liburan 
#jalanjalan 
#kulinerlampung 
#kaliandanews
#kaliandalampungselatan
#lampungselatan
#lampungyay
#lampungeksis
#lampunggeh
#visitlampungselatan
#visitlampung
#visitindonesia
#kelilinglampung
#kelilingindonesia
#merakbakauheuni
#bakauheunimerak
#whitesandabeach
#indonesianwhitesandbeach
#beautifullindonesia
#beautifullwhitesandbeach
#pantaipasirputih
#pantaiberpasirputih
#summer
#pantaiberpasirputihlampungselatan
#mbeach
#merakbelantung
#ivokaniavidios",2019-08-14 09:45:48,,26
B07mrZgl5Kf,https://www.instagram.com/p/B07mrZgl5Kf/,"Liburanmu gak bakal assiik kalo belum ke M Beach 😅 @mbeachlampung
Ayoo tunggu apalagi? 
buruan menangkan hadiahnya ! 
#traveling
#mbeachlampung
#pasirputih 
#pantaipasirputih 
#liburan 
#jalanjalan 
#kulinerlampung 
#kaliandanews
#kaliandalampungselatan
#lampungselatan
#lampungyay
#lampungeksis
#lampunggeh
#visitlampungselatan
#visitlampung
#visitindonesia
#kelilinglampung
#kelilingindonesia
#merakbakauheuni
#bakauheunimerak
#whitesandabeach
#indonesianwhitesandbeach
#beautifullindonesia
#beautifullwhitesandbeach
#pantaipasirputih
#pantaiberpasirputih
#summer
#pantaiberpasirputihlampungselatan
#mbeach
#merakbelantung
#ivokaniavidios",2019-08-09 05:21:54,,9
B0w7ZZ3DH6S,https://www.instagram.com/p/B0w7ZZ3DH6S/,"Cari Tiket @mbeachlampung di Aplikasi Traveloka dan dapatkan discount besar besaran untuk liburan kesini ! Ayo buruan jgn sampai kehabisan ! 😊
@kalianda.ig
@lampungdo_ 
@transmartlampungofficial 
@lampungsociety 
#traveling
#mbeachlampung
#pasirputih 
#pantaipasirputih 
#liburan 
#jalanjalan 
#kulinerlampung 
#kaliandanews
#kaliandalampungselatan
#lampungselatan
#lampungyay
#lampungeksis
#lampunggeh
#visitlampungselatan
#visitlampung
#visitindonesia
#kelilinglampung
#kelilingindonesia
#merakbakauheuni
#bakauheunimerak
#whitesandabeach
#indonesianwhitesandbeach
#beautifullindonesia
#beautifullwhitesandbeach
#pantaipasirputih
#pantaiberpasirputih
#summer
#pantaiberpasirputihlampungselatan
#mbeach
#merakbelantung
#ivokaniavidios",2019-08-05 01:51:18,,9
B0w7QLEjshr,https://www.instagram.com/p/B0w7QLEjshr/,"Cari Tiket @mbeachlampung di Aplikasi Traveloka dan dapatkan discount besar besaran untuk liburan kesini ! Ayo buruan jgn sampai kehabisan ! 😊
@kalianda.ig
@lampungdo_ 
@transmartlampungofficial 
@lampungsociety 
#traveling
#mbeachlampung
#pasirputih 
#pantaipasirputih 
#liburan 
#jalanjalan 
#kulinerlampung 
#kaliandanews
#kaliandalampungselatan
#lampungselatan
#lampungyay
#lampungeksis
#lampunggeh
#visitlampungselatan
#visitlampung
#visitindonesia
#kelilinglampung
#kelilingindonesia
#merakbakauheuni
#bakauheunimerak
#whitesandabeach
#indonesianwhitesandbeach
#beautifullindonesia
#beautifullwhitesandbeach
#pantaipasirputih
#pantaiberpasirputih
#summer
#pantaiberpasirputihlampungselatan
#mbeach
#merakbelantung
#ivokaniavidios",2019-08-05 01:50:03,,7
B0uk2mCl7gW,https://www.instagram.com/p/B0uk2mCl7gW/,"Liburanmu gak bakal assiik kalo belum ke M Beach 😅 @mbeachlampung
#traveling
#mbeachlampung
#pasirputih 
#pantaipasirputih 
#liburan 
#jalanjalan 
#kulinerlampung 
#kaliandanews
#kaliandalampungselatan
#lampungselatan
#lampungyay
#lampungeksis
#lampunggeh
#visitlampungselatan
#visitlampung
#visitindonesia
#kelilinglampung
#kelilingindonesia
#merakbakauheuni
#bakauheunimerak
#whitesandabeach
#indonesianwhitesandbeach
#beautifullindonesia
#beautifullwhitesandbeach
#pantaipasirputih
#pantaiberpasirputih
#summer
#pantaiberpasirputihlampungselatan
#mbeach
#merakbelantung
#ivokaniavidios",2019-08-04 03:55:50,,6
B0fFnoclyc8,https://www.instagram.com/p/B0fFnoclyc8/,"SMA N 9 BANDAR LAMPUNG @mbeachlampung
#traveling
#mbeachlampung
#pasirputih 
#pantaipasirputih 
#liburan 
#jalanjalan 
#kulinerlampung 
#kaliandanews
#kaliandalampungselatan
#lampungselatan
#lampungyay
#lampungeksis
#lampunggeh
#visitlampungselatan
#visitlampung
#visitindonesia
#kelilinglampung
#kelilingindonesia
#merakbakauheuni
#bakauheunimerak
#whitesandabeach
#indonesianwhitesandbeach
#beautifullindonesia
#beautifullwhitesandbeach
#pantaipasirputih
#pantaiberpasirputih
#summer
#pantaiberpasirputihlampungselatan
#mbeach
#merakbelantung
#ivokaniavidios",2019-07-29 03:35:41,,32
B0fFXR2FhWt,https://www.instagram.com/p/B0fFXR2FhWt/,"Milenial Band @mbeachlampung
#traveling
#mbeachlampung
#pasirputih 
#pantaipasirputih 
#liburan 
#jalanjalan 
#kulinerlampung 
#kaliandanews
#kaliandalampungselatan
#lampungselatan
#lampungyay
#lampungeksis
#lampunggeh
#visitlampungselatan
#visitlampung
#visitindonesia
#kelilinglampung
#kelilingindonesia
#merakbakauheuni
#bakauheunimerak
#whitesandabeach
#indonesianwhitesandbeach
#beautifullindonesia
#beautifullwhitesandbeach
#pantaipasirputih
#pantaiberpasirputih
#summer
#pantaiberpasirputihlampungselatan
#mbeach
#merakbelantung
#ivokaniavidios",2019-07-29 03:34:05,,14
B0fFQ4IFqM-,https://www.instagram.com/p/B0fFQ4IFqM-/,"Thanks for SSK TELUK BETUNG for invite our place @mbeachlampung
#traveling
#mbeachlampung
#pasirputih 
#pantaipasirputih 
#liburan 
#jalanjalan 
#kulinerlampung 
#kaliandanews
#kaliandalampungselatan
#lampungselatan
#lampungyay
#lampungeksis
#lampunggeh
#visitlampungselatan
#visitlampung
#visitindonesia
#kelilinglampung
#kelilingindonesia
#merakbakauheuni
#bakauheunimerak
#whitesandabeach
#indonesianwhitesandbeach
#beautifullindonesia
#beautifullwhitesandbeach
#pantaipasirputih
#pantaiberpasirputih
#summer
#pantaiberpasirputihlampungselatan
#mbeach
#merakbelantung
#ivokaniavidios",2019-07-29 03:31:11,,18
B0DoL9JAoci,https://www.instagram.com/p/B0DoL9JAoci/,"أنا أريد و أنت تريد والله يفعل ما يريد
.
.
#senja 
#senjakopikita
#senjanusantara
#senjasudutkota
#sunset
#sunset_pics 
#sunsetlover
#sunset_ig
#sunsetnusantara
#sunsetlampung
#sunsetlampungselatan
#kopisenja
#aksarasenja
#aksarasenja17
#penikmatsenja
#pecandurindu
#pemujalara
#budaksajak
#hitskalianda 
#kalianda
#kaliandaig
#lampung 
#lampuunggeh
#lampunghits 
#explorelampungselatan 
#explorelampung
#visitlampungselatan
#visitlampung",2019-07-18 11:37:37,,68
Bz62ML_FgQ9,https://www.instagram.com/p/Bz62ML_FgQ9/,"Mantay gaess @kerhoautoclublampung
Jgn kapok datang ke 
@mbeachlampung yak 😊

#mbeachlampung
#pasirputih 
#pantaipasirputih 
#liburan 
#jalanjalan 
#kulinerlampung 
#kaliandanews
#kaliandalampungselatan
#lampungselatan
#lampungyay
#lampungeksis
#lampunggeh
#visitlampungselatan
#visitlampung
#visitindonesia
#kelilinglampung
#kelilingindonesia
#merakbakauheuni
#whitesandabeach
#indonesianwhitesandbeach
#beautifullindonesia
#beautifullwhitesandbeach
#pantaipasirputih
#pantaiberpasirputih
#pantaiberpasirputihkalianda
#pantaiberpasirputihlampungselatan
#mbeach
#merakbelantung
#ivokaniavidios
#pantai_keren",2019-07-15 01:46:49,,24
Bz62E6aFy6q,https://www.instagram.com/p/Bz62E6aFy6q/,"Gathering Sambil Camping asiik banget bareng Club mobil @kerhoautoclublampung
Jgn kapok datang ke 
@mbeachlampung yak 😊 🙌

#mbeachlampung
#pasirputih 
#pantaipasirputih 
#liburan 
#jalanjalan 
#kulinerlampung 
#kaliandanews
#kaliandalampungselatan
#lampungselatan
#lampungyay
#lampungeksis
#lampunggeh
#visitlampungselatan
#visitlampung
#visitindonesia
#kelilinglampung
#kelilingindonesia
#merakbakauheuni
#whitesandabeach
#indonesianwhitesandbeach
#beautifullindonesia
#beautifullwhitesandbeach
#pantaipasirputih
#pantaiberpasirputih
#pantaiberpasirputihkalianda
#pantaiberpasirputihlampungselatan
#mbeach
#merakbelantung
#ivokaniavidios
#pantai_keren",2019-07-15 01:45:50,,26
Bz617qblj3B,https://www.instagram.com/p/Bz617qblj3B/,"Gathering Club mobil @kerhoautoclublampung
Jgn kapok datang ke 
@mbeachlampung yak 😊

#mbeachlampung
#pasirputih 
#pantaipasirputih 
#liburan 
#jalanjalan 
#kulinerlampung 
#kaliandanews
#kaliandalampungselatan
#lampungselatan
#lampungyay
#lampungeksis
#lampunggeh
#visitlampungselatan
#visitlampung
#visitindonesia
#kelilinglampung
#kelilingindonesia
#merakbakauheuni
#whitesandabeach
#indonesianwhitesandbeach
#beautifullindonesia
#beautifullwhitesandbeach
#pantaipasirputih
#pantaiberpasirputih
#pantaiberpasirputihkalianda
#pantaiberpasirputihlampungselatan
#mbeach
#merakbelantung
#ivokaniavidios
#pantai_keren",2019-07-15 01:44:34,,36
Bz2RZ_khU6I,https://www.instagram.com/p/Bz2RZ_khU6I/,"Thanks to BMT LAMPUNG TENGAH 
#mbeachlampung
#traveling
#mbeachlampung
#pasirputih 
#pantaipasirputih 
#liburan 
#jalanjalan 
#kulinerlampung 
#kaliandanews
#kaliandalampungselatan
#lampungselatan
#lampungyay
#lampungeksis
#lampunggeh
#visitlampungselatan
#visitlampung
#visitindonesia
#kelilinglampung
#kelilingindonesia
#merakbakauheuni
#bakauheunimerak
#whitesandabeach
#indonesianwhitesandbeach
#beautifullindonesia
#beautifullwhitesandbeach
#pantaipasirputih
#pantaiberpasirputih
#summer
#pantaiberpasirputihlampungselatan
#mbeach
#merakbelantung
#ivokaniavidios",2019-07-13 07:08:26,,50
BzzhdlQhUyl,https://www.instagram.com/p/BzzhdlQhUyl/,"@mbeachlampung
#traveling
#mbeachlampung
#pasirputih 
#pantaipasirputih 
#liburan 
#jalanjalan 
#kulinerlampung 
#kaliandanews
#kaliandalampungselatan
#lampungselatan
#lampungyay
#lampungeksis
#lampunggeh
#visitlampungselatan
#visitlampung
#visitindonesia
#kelilinglampung
#kelilingindonesia
#merakbakauheuni
#bakauheunimerak
#whitesandabeach
#indonesianwhitesandbeach
#beautifullindonesia
#beautifullwhitesandbeach
#pantaipasirputih
#pantaiberpasirputih
#summer
#pantaiberpasirputihlampungselatan
#mbeach
#merakbelantung
#ivokaniavidios",2019-07-12 05:31:01,,21
BzzhaJ0hyK5,https://www.instagram.com/p/BzzhaJ0hyK5/,"@mbeachlampung
#traveling
#mbeachlampung
#pasirputih 
#pantaipasirputih 
#liburan 
#jalanjalan 
#kulinerlampung 
#kaliandanews
#kaliandalampungselatan
#lampungselatan
#lampungyay
#lampungeksis
#lampunggeh
#visitlampungselatan
#visitlampung
#visitindonesia
#kelilinglampung
#kelilingindonesia
#merakbakauheuni
#bakauheunimerak
#whitesandabeach
#indonesianwhitesandbeach
#beautifullindonesia
#beautifullwhitesandbeach
#pantaipasirputih
#pantaiberpasirputih
#summer
#pantaiberpasirputihlampungselatan
#mbeach
#merakbelantung
#ivokaniavidios",2019-07-12 05:30:33,,18
BzzhTTshOSP,https://www.instagram.com/p/BzzhTTshOSP/,"@mbeachlampung
#traveling
#mbeachlampung
#pasirputih 
#pantaipasirputih 
#liburan 
#jalanjalan 
#kulinerlampung 
#kaliandanews
#kaliandalampungselatan
#lampungselatan
#lampungyay
#lampungeksis
#lampunggeh
#visitlampungselatan
#visitlampung
#visitindonesia
#kelilinglampung
#kelilingindonesia
#merakbakauheuni
#bakauheunimerak
#whitesandabeach
#indonesianwhitesandbeach
#beautifullindonesia
#beautifullwhitesandbeach
#pantaipasirputih
#pantaiberpasirputih
#summer
#pantaiberpasirputihlampungselatan
#mbeach
#merakbelantung
#ivokaniavidios",2019-07-12 05:29:36,,23
Bzw_rWyBynJ,https://www.instagram.com/p/Bzw_rWyBynJ/,"#mbeachlampung
#pasirputih 
#pantaipasirputih 
#liburan 
#jalanjalan 
#kulinerlampung 
#kaliandanews
#kaliandalampungselatan
#lampungselatan
#lampungyay
#lampungeksis
#lampunggeh
#visitlampungselatan
#visitlampung
#visitindonesia
#kelilinglampung
#kelilingindonesia
#merakbakauheuni
#bakauheunimerak
#whitesandabeach
#indonesianwhitesandbeach
#beautifullindonesia
#beautifullwhitesandbeach
#pantaipasirputih
#pantaiberpasirputih
#pantaiberpasirputihkalianda
#pantaiberpasirputihlampungselatan
#mbeach
#merakbelantung
#ivokaniavidios
#pantai_keren",2019-07-11 05:57:19,,13
Bzw_f5khh3Y,https://www.instagram.com/p/Bzw_f5khh3Y/,"#mbeachlampung
#pasirputih 
#pantaipasirputih 
#liburan 
#jalanjalan 
#kulinerlampung 
#kaliandanews
#kaliandalampungselatan
#lampungselatan
#lampungyay
#lampungeksis
#lampunggeh
#visitlampungselatan
#visitlampung
#visitindonesia
#kelilinglampung
#kelilingindonesia
#merakbakauheuni
#bakauheunimerak
#whitesandabeach
#indonesianwhitesandbeach
#beautifullindonesia
#beautifullwhitesandbeach
#pantaipasirputih
#pantaiberpasirputih
#pantaiberpasirputihkalianda
#pantaiberpasirputihlampungselatan
#mbeach
#merakbelantung
#ivokaniavidios
#pantai_keren",2019-07-11 05:56:03,,29
Bzw_UDLBx8g,https://www.instagram.com/p/Bzw_UDLBx8g/,"#mbeachlampung
#pasirputih 
#pantaipasirputih 
#liburan 
#jalanjalan 
#kulinerlampung 
#kaliandanews
#kaliandalampungselatan
#lampungselatan
#lampungyay
#lampungeksis
#lampunggeh
#visitlampungselatan
#visitlampung
#visitindonesia
#kelilinglampung
#kelilingindonesia
#merakbakauheuni
#bakauheunimerak
#whitesandabeach
#indonesianwhitesandbeach
#beautifullindonesia
#beautifullwhitesandbeach
#pantaipasirputih
#pantaiberpasirputih
#pantaiberpasirputihkalianda
#pantaiberpasirputihlampungselatan
#mbeach
#merakbelantung
#ivokaniavidios
#pantai_keren",2019-07-11 05:54:08,,19
Bzmku4sh9J3,https://www.instagram.com/p/Bzmku4sh9J3/,"Weekend mood from @mbeachlampung .
.
.Buruan ke tempat yang lagi viral ini..
@mbeachlampung
#traveling
#mbeachlampung
#pasirputih 
#pantaipasirputih 
#liburan 
#jalanjalan 
#kulinerlampung 
#kaliandanews
#kaliandalampungselatan
#lampungselatan
#lampungyay
#lampungeksis
#lampunggeh
#visitlampungselatan
#visitlampung
#visitindonesia
#kelilinglampung
#kelilingindonesia
#merakbakauheuni
#bakauheunimerak
#whitesandabeach
#indonesianwhitesandbeach
#beautifullindonesia
#beautifullwhitesandbeach
#pantaipasirputih
#pantaiberpasirputih
#summer
#pantaiberpasirputihlampungselatan
#mbeach
#merakbelantung
#ivokaniavidios",2019-07-07 04:49:28,,24
Bzmj21Zh6Qi,https://www.instagram.com/p/Bzmj21Zh6Qi/,"Thanks for coming our place 🙏
Bapak Mahyudi dkk.
Jgn kapok datang ke 
@mbeachlampung yak 😊

#mbeachlampung
#pasirputih 
#pantaipasirputih 
#liburan 
#jalanjalan 
#kulinerlampung 
#kaliandanews
#kaliandalampungselatan
#lampungselatan
#lampungyay
#lampungeksis
#lampunggeh
#visitlampungselatan
#visitlampung
#visitindonesia
#kelilinglampung
#kelilingindonesia
#merakbakauheuni
#whitesandabeach
#indonesianwhitesandbeach
#beautifullindonesia
#beautifullwhitesandbeach
#pantaipasirputih
#pantaiberpasirputih
#pantaiberpasirputihkalianda
#pantaiberpasirputihlampungselatan
#mbeach
#merakbelantung
#ivokaniavidios
#pantai_keren",2019-07-07 04:41:48,,20
BziVoMSBS4a,https://www.instagram.com/p/BziVoMSBS4a/,"Paling pass kalo ke M Beach bareng temen2.. Bisa nikmatin suasana pantai sambil rumpi2 manja.. 😄😉 #mbeachlampung
#pasirputih 
#pantaipasirputih 
#liburan 
#jalanjalan 
#kulinerlampung 
#kaliandanews
#kaliandalampungselatan
#lampungselatan
#lampungyay
#lampungeksis
#lampunggeh
#visitlampungselatan
#visitlampung
#visitindonesia
#kelilinglampung
#kelilingindonesia
#merakbakauheuni
#bakauheunimerak
#whitesandabeach
#indonesianwhitesandbeach
#beautifullindonesia
#beautifullwhitesandbeach
#pantaipasirputih
#pantaiberpasirputih
#pantaiberpasirputihkalianda
#pantaiberpasirputihlampungselatan
#mbeach
#merakbelantung
#ivokaniavidios
#pantai_keren",2019-07-05 13:20:31,,22
BziVfVzhkkS,https://www.instagram.com/p/BziVfVzhkkS/,"Buruan ke tempat yang lagi viral ini..
@mbeachlampung

#mbeachlampung
#pasirputih 
#pantaipasirputih 
#liburan 
#jalanjalan 
#kulinerlampung 
#kaliandanews
#kaliandalampungselatan
#lampungselatan
#lampungyay
#lampungeksis
#lampunggeh
#visitlampungselatan
#visitlampung
#visitindonesia
#kelilinglampung
#kelilingindonesia
#merakbakauheuni
#bakauheunimerak
#whitesandabeach
#indonesianwhitesandbeach
#beautifullindonesia
#beautifullwhitesandbeach
#pantaipasirputih
#pantaiberpasirputih
#pantaiberpasirputihkalianda
#pantaiberpasirputihlampungselatan
#mbeach
#merakbelantung
#ivokaniavidios
#pantai_keren",2019-07-05 13:19:18,,23
BziVUcnBFwd,https://www.instagram.com/p/BziVUcnBFwd/,"Cuma ada di M Beach Lampung. .

#mbeachlampung
#pasirputih 
#pantaipasirputih 
#liburan 
#jalanjalan 
#kulinerlampung 
#kaliandanews
#kaliandalampungselatan
#lampungselatan
#lampungyay
#lampungeksis
#lampunggeh
#visitlampungselatan
#visitlampung
#visitindonesia
#kelilinglampung
#kelilingindonesia
#merakbakauheuni
#bakauheunimerak
#whitesandabeach
#indonesianwhitesandbeach
#beautifullindonesia
#beautifullwhitesandbeach
#pantaipasirputih
#pantaiberpasirputih
#pantaiberpasirputihkalianda
#pantaiberpasirputihlampungselatan
#mbeach
#merakbelantung
#ivokaniavidios
#pantai_keren",2019-07-05 13:17:49,,12
BzcsHYihyF1,https://www.instagram.com/p/BzcsHYihyF1/,"Syarat & Ketentuan
Program upload foto & tag

1. Pengunjung harus menunjukan ig mereka & 10 tag temannya. 
2. Ig yang sama hanya berlaku 1x utk mendapatkan 1 tiket masuk gratis
3. Tiket masuk gratis hanya dapat digunakan untuk weekdays (senin, rabu-jumat)
4. Dalam 1 kendaraan, yang dapat menggunakan tiket gratis hanya 1 orang
5. Syarat & ketentuan lain
.

#mbeachlampung
#pasirputih 
#pantaipasirputih 
#liburan 
#jalanjalan 
#kulinerlampung 
#kaliandanews
#kaliandalampungselatan
#lampungselatan
#lampungyay
#lampungeksis
#lampunggeh
#visitlampungselatan
#visitlampung
#visitindonesia
#kelilinglampung
#kelilingindonesia
#merakbakauheuni
#bakauheunimerak
#whitesandabeach
#indonesianwhitesandbeach
#beautifullindonesia
#beautifullwhitesandbeach
#pantaipasirputih
#pantaiberpasirputih
#pantaiberpasirputihkalianda
#pantaiberpasirputihlampungselatan
#mbeach
#merakbelantung
#ivokaniavidios
#pantai_keren",2019-07-03 08:41:34,,16
BzcsECCBl8L,https://www.instagram.com/p/BzcsECCBl8L/,"M Beach Lampung. .

#mbeachlampung
#pasirputih 
#pantaipasirputih 
#liburan 
#jalanjalan 
#kulinerlampung 
#kaliandanews
#kaliandalampungselatan
#lampungselatan
#lampungyay
#lampungeksis
#lampunggeh
#visitlampungselatan
#visitlampung
#visitindonesia
#kelilinglampung
#kelilingindonesia
#merakbakauheuni
#bakauheunimerak
#whitesandabeach
#indonesianwhitesandbeach
#beautifullindonesia
#beautifullwhitesandbeach
#pantaipasirputih
#pantaiberpasirputih
#pantaiberpasirputihkalianda
#pantaiberpasirputihlampungselatan
#mbeach
#merakbelantung
#ivokaniavidios
#pantai_keren",2019-07-03 08:41:07,,23
Bzcr87oBvn1,https://www.instagram.com/p/Bzcr87oBvn1/,"Program Follow & get
1. Berlaku utk follower baru
2. Berlaku pada hari yang sama
3. Berlaku hanya 1 orang pada 1 kendaraan
.
.

#mbeachlampung
#pasirputih 
#pantaipasirputih 
#liburan 
#jalanjalan 
#kulinerlampung 
#kaliandanews
#kaliandalampungselatan
#lampungselatan
#lampungyay
#lampungeksis
#lampunggeh
#visitlampungselatan
#visitlampung
#visitindonesia
#kelilinglampung
#kelilingindonesia
#merakbakauheuni
#bakauheunimerak
#whitesandabeach
#indonesianwhitesandbeach
#beautifullindonesia
#beautifullwhitesandbeach
#pantaipasirputih
#pantaiberpasirputih
#pantaiberpasirputihkalianda
#pantaiberpasirputihlampungselatan
#mbeach
#merakbelantung
#ivokaniavidios
#pantai_keren",2019-07-03 08:40:08,,13
BzSddO9hn7h,https://www.instagram.com/p/BzSddO9hn7h/,"Friendship never end. .
Thank you for coming guys 🙏
.
.
.
.

#mbeachlampung
#pasirputih 
#pantaipasirputih 
#liburan 
#jalanjalan 
#kulinerlampung 
#kaliandanews
#kaliandalampungselatan
#lampungselatan
#lampungyay
#lampungeksis
#lampunggeh
#visitlampungselatan
#visitlampung
#visitindonesia
#kelilinglampung
#kelilingindonesia
#merakbakauheuni
#bakauheunimerak
#whitesandabeach
#indonesianwhitesandbeach
#beautifullindonesia
#beautifullwhitesandbeach
#pantaipasirputih
#pantaiberpasirputih
#pantaiberpasirputihkalianda
#pantaiberpasirputihlampungselatan
#mbeach
#merakbelantung
#pantai_keren
#pantai_keren_lampung",2019-06-29 09:21:04,,17
BzSdLndB-uu,https://www.instagram.com/p/BzSdLndB-uu/,"Makasih kunjungannya mama2 cantik dari ""Grup Kupak-Kapay"" katanya 😅
Aku tunggu kunjungan selanjutnya lho maa 😘😘
.
.
.
.
.

#mbeachlampung
#pasirputih 
#pantaipasirputih 
#liburan 
#jalanjalan 
#kulinerlampung 
#kaliandanews
#kaliandalampungselatan
#lampungselatan
#lampungyay
#lampungeksis
#lampunggeh
#visitlampungselatan
#visitlampung
#visitindonesia
#kelilinglampung
#kelilingindonesia
#merakbakauheuni
#bakauheunimerak
#whitesandabeach
#indonesianwhitesandbeach
#beautifullindonesia
#beautifullwhitesandbeach
#pantaipasirputih
#pantaiberpasirputih
#pantaiberpasirputihkalianda
#pantaiberpasirputihlampungselatan
#mbeach
#merakbelantung
#pantai_keren
#pantai_keren_lampung",2019-06-29 09:18:40,,25
BzScuyMBxxd,https://www.instagram.com/p/BzScuyMBxxd/,"Thanks ya gaess. 
Bsok gw tggu lagi disni breng kance2 yg lain 😉
Semoga sukses untuk M Beach Lampung 😇🙏
.
.
.
.
.

#mbeachlampung
#pasirputih 
#pantaipasirputih 
#liburan 
#jalanjalan 
#kulinerlampung 
#kaliandanews
#kaliandalampungselatan
#lampungselatan
#lampungyay
#lampungeksis
#lampunggeh
#visitlampungselatan
#visitlampung
#visitindonesia
#kelilinglampung
#kelilingindonesia
#merakbakauheuni
#bakauheunimerak
#whitesandabeach
#indonesianwhitesandbeach
#beautifullindonesia
#beautifullwhitesandbeach
#pantaipasirputih
#pantaiberpasirputih
#pantaiberpasirputihkalianda
#pantaiberpasirputihlampungselatan
#mbeach
#merakbelantung
#pantai_keren
#pantai_keren_lampung",2019-06-29 09:14:44,,49
BzQje7_gFai,https://www.instagram.com/p/BzQje7_gFai/,"HAMPIR ITU MENYEDIHKAN.
AKU HAMPIR BAIK UNTUKMU.
KAMU HAMPIR MENCINTAIKU.
DAN KITA PERNAH HAMPIR BERSAMA.
..
.
#briankrisna 
#merayakankehilangan
#senja 
#senjakopikita
#senjanusantara
#senjasudutkota
#sunset
#sunset_pics 
#sunsetlover
#sunset_ig
#sunsetnusantara
#sunsetlampung
#sunsetlampungselatan
#kopisenja
#aksarasenja
#aksarasenja17
#penikmatsenja
#pecandurindu
#pemujalara
#budaksajak
#hitskalianda 
#kalianda
#kaliandaig
#lampung 
#lampuunggeh
#lampunghits 
#explorelampungselatan 
#explorelampung
#visitlampungselatan
#visitlampung",2019-06-28 15:35:15,,64
BzNk9YaJqlH,https://www.instagram.com/p/BzNk9YaJqlH/,#mbeachlampung #pasirputih #pantaipasirputih #liburan #jalanjalan #kulinerlampung #kaliandanews #kaliandalampungselatan #lampungselatan #lampungyay #lampungeksis #lampunggeh #visitlampungselatan #visitlampung #visitindonesia #kelilinglampung #kelilingindonesia #merakbakauheuni #bakauheunimerak #whitesandabeach #indonesianwhitesandbeach #beautifullindonesia #beautifullwhitesandbeach #pantaipasirputih #pantaiberpasirputih #pantaiberpasirputihkalianda #pantaiberpasirputihlampungselatan #mbeach #merakbelantung #pantai_keren #pantai_keren_lampung,2019-06-27 11:50:26,,2
BzNk0B4JZVj,https://www.instagram.com/p/BzNk0B4JZVj/,#mbeachlampung #pasirputih #pantaipasirputih #liburan #jalanjalan #kulinerlampung #kaliandanews #kaliandalampungselatan #lampungselatan #lampungyay #lampungeksis #lampunggeh #visitlampungselatan #visitlampung #visitindonesia #kelilinglampung #kelilingindonesia #merakbakauheuni #bakauheunimerak #whitesandabeach #indonesianwhitesandbeach #beautifullindonesia #beautifullwhitesandbeach #pantaipasirputih #pantaiberpasirputih #pantaiberpasirputihkalianda #pantaiberpasirputihlampungselatan #mbeach #merakbelantung #pantai_keren #pantai_keren_lampung,2019-06-27 11:49:09,,1
BzNkYhYJLtf,https://www.instagram.com/p/BzNkYhYJLtf/,#mbeachlampung #pasirputih #pantaipasirputih #liburan #jalanjalan #kulinerlampung #kaliandanews #kaliandalampungselatan #lampungselatan #lampungyay #lampungeksis #lampunggeh #visitlampungselatan #visitlampung #visitindonesia #kelilinglampung #kelilingindonesia #merakbakauheuni #bakauheunimerak #whitesandabeach #indonesianwhitesandbeach #beautifullindonesia #beautifullwhitesandbeach #pantaipasirputih #pantaiberpasirputih #pantaiberpasirputihkalianda #pantaiberpasirputihlampungselatan #mbeach #merakbelantung #pantai_keren #pantai_keren_lampung,2019-06-27 11:45:24,,3
BzNTRSSB-ZQ,https://www.instagram.com/p/BzNTRSSB-ZQ/,"Terimakasih atas kunjungannya Bapak Camat Kalianda,  Erdiansyah.
Terimakasih atas dukungan dan sarannya. 
Semoga sukses untuk M Beach Lampung 😇🙏
.
.
.
.
.

#mbeachlampung
#pasirputih 
#pantaipasirputih 
#liburan 
#jalanjalan 
#kulinerlampung 
#kaliandanews
#kaliandalampungselatan
#lampungselatan
#lampungyay
#lampungeksis
#lampunggeh
#visitlampungselatan
#visitlampung
#visitindonesia
#kelilinglampung
#kelilingindonesia
#merakbakauheuni
#bakauheunimerak
#whitesandabeach
#indonesianwhitesandbeach
#beautifullindonesia
#beautifullwhitesandbeach
#pantaipasirputih
#pantaiberpasirputih
#pantaiberpasirputihkalianda
#pantaiberpasirputihlampungselatan
#mbeach 
#merakbelantung
#pantai_keren
#pantai_keren_lampung",2019-06-27 09:15:51,,25
BzMmjTrhj9P,https://www.instagram.com/p/BzMmjTrhj9P/,"Santai mantai, ke M Beach ajaa.. 😉😊
.
.
.

#mbeachlampung
#pasirputih 
#pantaipasirputih 
#liburan 
#jalanjalan 
#kulinerlampung 
#kaliandanews
#kaliandalampungselatan
#lampungselatan
#lampungyay
#lampungeksis
#lampunggeh
#visitlampungselatan
#visitlampung
#visitindonesia
#kelilinglampung
#kelilingindonesia
#merakbakauheuni
#bakauheunimerak
#whitesandabeach
#indonesianwhitesandbeach
#beautifullindonesia
#beautifullwhitesandbeach
#pantaipasirputih
#pantaipasirputihkalianda 
#pantaiberpasirputih
#pantaiberpasirputihlampungselatan
#mbeach
#merakbelantung
#kelilinglampung
#pantai_keren 
#pantai_keren_lampung_selatan",2019-06-27 02:45:06,,20
BzMmOK4BJr-,https://www.instagram.com/p/BzMmOK4BJr-/,"Main di Pantai yuk.. Apa lagi di M beach, pasti asik bnget 😉
.
.
.

#mbeachlampung
#pasirputih 
#pantaipasirputih 
#liburan 
#jalanjalan 
#kulinerlampung 
#kaliandanews
#kaliandalampungselatan
#lampungselatan
#lampungyay
#lampungeksis
#lampunggeh
#visitlampungselatan
#visitlampung
#visitindonesia
#kelilinglampung
#kelilingindonesia
#merakbakauheuni
#bakauheunimerak
#whitesandabeach
#indonesianwhitesandbeach
#beautifullindonesia
#beautifullwhitesandbeach
#pantaipasirputih
#pantaiberpasirputih
#pantaiberpasirputihkalianda
#pantaiberpasirputihlampungselatan
#mbeach
#merakbelantung 
#pantai_keren
#pantai_keren_lampung",2019-06-27 02:42:13,,12
BzMlyg5BKWY,https://www.instagram.com/p/BzMlyg5BKWY/,"Yakin kamu gak mau ikutan exis di tempat yg lagi viral ini? 😊😂
.
.
.

#mbeachlampung
#pasirputih 
#pantaipasirputih 
#liburan 
#jalanjalan 
#kulinerlampung 
#kaliandanews
#kaliandalampungselatan
#lampungselatan
#lampungyay
#lampungeksis
#lampunggeh
#visitlampungselatan
#visitlampung
#visitindonesia
#kelilinglampung
#kelilingindonesia
#merakbakauheuni
#bakauheunimerak
#whitesandabeach
#indonesianwhitesandbeach
#beautifullindonesia
#beautifullwhitesandbeach
#pantaipasirputih
#pantaipasirputihkalianda 
#pantaiberpasirputih
#pantaiberpasirputihlampungselatan
#mbeach
#merakbelantung
#pantai_keren
#pantai_keren_lampung",2019-06-27 02:38:26,,21
BzAMeHFnaxv,https://www.instagram.com/p/BzAMeHFnaxv/,"Tak akan berharap terlalu dalam . Aku hanya mengagumi mu dalam diam. 
Sewajarnya saja karna ku tak ingin larut dalam rasa yang selama ini ku pendam. .
.
..
""sunsetnusantara""
_______________________________
Reposted from @nafza_ .

_________________________________________________

#Repost ➡️➡️➡️➡️➡️➡️
Jangan lupa FOLLOW & selalu sertakan hashtag 👉 #sunsetnusantara or tag @sunsetnusantara
#senja 
#senjakopikita
#senjanusantara
#senjasudutkota
#sunset
#sunset_pics 
#sunsetlover
#sunset_ig
#sunsetnusantara
#sunsetlampung
#sunsetlampungselatan
#kopisenja
#penikmatsenja 
#pecandurindu 
#pemujalara
#budaksajak
#hitskalianda 
#kalianda
#kaliandaig
#lampung 
#lampuunggeh
#lampunghits 
#explorelampungselatan 
#explorelampung
#visitlampung 
#visitlampungselatan",2019-06-22 07:06:59,,1725
Byw1lz0nrZe,https://www.instagram.com/p/Byw1lz0nrZe/,"Reposted from @umarkrakatau -  Ayo treveling lagi gaes visit in sebesi island and see krakatau now..(wiss aman guys)
:
:
Loc:spots snocling cemara  Sebesi island-lampung
🏊🏊🏊🏊🏊🏊🏊🏊🏊🏊
#explorelampung #lampuunggeh #lampungselatanindonesia #wajahlampung #wonderfullindonesia #visitlampung #visitlampungselatan#wisata #wisataindonesia #wisatalampung - #regrann",2019-06-16 07:57:47,,7
BywyzUpJKoY,https://www.instagram.com/p/BywyzUpJKoY/,"PAKET LIBURAN HEMAT.
YUK KEPOIN ! 📷 : 
@m_beach_kalianda
@m_beach_kalianda 
@m_beach_kalianda .

Disini juga tersedia 
@pempekbelle_online
@pempekbelle_online
@pempekbelle_online .
.
.
#ivokaniavidios
##mbeachkalianda 
#mbeach
#kaliandanews
#kaliandalampungselatan
#lampungselatan
#lampungyay
#lampungeksis
#lampunggeh
#visitlampungselatan
#visitlampung
#visitindonesia
#kelilinglampung
#kelilingindonesia
#merakbakauheuni
#pantaipasirputih
#pantaipasirputihkalianda 
#pantaiberpasirputih
#pantaiberpasirputihkalianda
#pantaiberpasirputihlampungselatan
#pempek
#merakbelantung
#pantai_keren
#pantai_keren_lampung
#pantai_keren_lampung_selatan
#kalianda
#kaliandacity
#kulinerkalianda 
#wisatakalianda 
#wisatalampung",2019-06-16 07:33:25,,1
BywiOhlpIpO,https://www.instagram.com/p/BywiOhlpIpO/,"PAKET LIBURAN HEMAT.
YUK KEPOIN ! 📷 : 
@m_beach_kalianda
@m_beach_kalianda 
@m_beach_kalianda .

Disini juga tersedia 
@pempekbelle_online
@pempekbelle_online
@pempekbelle_online .
.
.
#ivokaniavidios
##mbeachkalianda 
#mbeach
#kaliandanews
#kaliandalampungselatan
#lampungselatan
#lampungyay
#lampungeksis
#lampunggeh
#visitlampungselatan
#visitlampung
#visitindonesia
#kelilinglampung
#kelilingindonesia
#merakbakauheuni
#pantaipasirputih
#pantaipasirputihkalianda 
#pantaiberpasirputih
#pantaiberpasirputihkalianda
#pantaiberpasirputihlampungselatan
#mbeach
#merakbelantung
#pantai_keren
#pantai_keren_lampung
#pantai_keren_lampung_selatan
#kalianda
#kaliandacity
#kulinerkalianda 
#wisatakalianda 
#wisatalampung",2019-06-16 05:08:35,,3
BywhsxCJ3IF,https://www.instagram.com/p/BywhsxCJ3IF/,"PAKET LIBURAN HEMAT.
YUK KEPOIN ! 📷 : 
@m_beach_kalianda
@m_beach_kalianda 
@m_beach_kalianda .

Disini juga tersedia 
@pempekbelle_online
@pempekbelle_online
@pempekbelle_online .
.
.
#ivokaniavidios
##mbeachkalianda 
#mbeach
#kaliandanews
#kaliandalampungselatan
#lampungselatan
#lampungyay
#lampungeksis
#lampunggeh
#visitlampungselatan
#visitlampung
#visitindonesia
#kelilinglampung
#kelilingindonesia
#merakbakauheuni
#pantaipasirputih
#pantaipasirputihkalianda 
#pantaiberpasirputih
#pantaiberpasirputihkalianda
#pantaiberpasirputihlampungselatan
#mbeach
#merakbelantung
#pantai_keren
#pantai_keren_lampung
#pantai_keren_lampung_selatan
#kalianda
#kaliandacity
#kulinerkalianda 
#wisatakalianda 
#wisatalampung",2019-06-16 05:03:58,,1
ByufwFegBne,https://www.instagram.com/p/ByufwFegBne/,"Ayo treveling lagi gaes visit in sebesi island and see krakatau now..(wiss aman guys)
:
:
Loc:spots snocling cemara  Sebesi island-lampung
🏊🏊🏊🏊🏊🏊🏊🏊🏊🏊
#explorelampung #lampuunggeh #lampungselatanindonesia #wajahlampung #wonderfullindonesia #visitlampung #visitlampungselatan#wisata #wisataindonesia #wisatalampung",2019-06-15 10:08:28,,97
ByrhOrVHBDU,https://www.instagram.com/p/ByrhOrVHBDU/,"PAKET LIBURAN HEMAT.
YUK KEPOIN ! 📷 : @the.remora.ibnu
@lampungseason
@kaniiakurnia @ivodelat 
@meisariaanggunpratiwi .
.
Youtube : https://www.youtube.com/channel/UCtCYH_ir6fjhm8Ih1Xohz6g
.
#ivokaniavidios
##mbeachkalianda 
#mbeach
#kaliandanews
#kaliandalampungselatan
#lampungselatan
#lampungyay
#lampungeksis
#lampunggeh
#visitlampungselatan
#visitlampung
#visitindonesia
#kelilinglampung
#kelilingindonesia
#merakbakauheuni
#bakauheunimerak
#whitesandabeach
#indonesianwhitesandbeach
#beautifullindonesia
#beautifullwhitesandbeach
#pantaipasirputih
#pantaipasirputihkalianda 
#pantaiberpasirputih
#pantaiberpasirputihkalianda
#pantaiberpasirputihlampungselatan
#mbeach
#merakbelantung
#pantai_keren
#pantai_keren_lampung
#pantai_keren_lampung_selatan",2019-06-14 06:23:39,,17
ByhSGxaHFug,https://www.instagram.com/p/ByhSGxaHFug/,"Naik ke gunung dulu sebelum Naik ke pelaminan

#priapunyaselera 
#lampungeksis 
#gunungrajabasa
#Explorelampung 
#visitlampungselatan 
@lampung.eksis 
@lampuung 
@potretlampung 
@explorelampung",2019-06-10 06:59:06,,49
ByfcnuNnjDO,https://www.instagram.com/p/ByfcnuNnjDO/,"Yakin kamu gak mau kepoin  M BEACH KALIANDA ? 
Jangan ditahan, kamu gak akan kuat. 😁😊
.
.
.
.
📷 : @the.remora.ibnu
https://www.youtube.com/channel/UCtCYH_ir6fjhm8Ih1Xohz6g
.
#mbeachkalianda #mbeach
#kaliandanews
#kaliandalampungselatan
#lampungselatan
#lampungyay
#lampungeksis
#lampunggeh
#visitlampungselatan
#visitlampung
#visitindonesia
#kelilinglampung
#kelilingindonesia
#merakbakauheuni
#bakauheunimerak
#whitesandabeach
#indonesianwhitesandbeach
#beautifullindonesia
#beautifullwhitesandbeach
#pantaipasirputih
#pantaipasirputihkalianda
#pantaiberpasirputih
#pantaiberpasirputihkalianda
#pantaiberpasirputihlampungselatan
#mbeach
#merakbelantung
#pantai_keren
#pantai_keren_lampung
#pantai_keren_lampung_selatan",2019-06-09 13:52:30,,28
ByeTgzUnSLR,https://www.instagram.com/p/ByeTgzUnSLR/,"Semangat Pagi.... Mari beraktivitas. Masih di  tempat yang sama.
Menikmati keindahan pagi hari di pantai M Beach Kalianda. 
Enjooy your holiday 😀😀
💪💪 semangat travellers 🙌
.
.
.
.
Kance kentel : @resmamelina
📷 : @the.remora.ibnu
#lfl💛
#mbeachkalianda #mbeach
#kaliandanews
#kaliandalampungselatan
#lampungselatan
#lampungyay
#lampungeksis
#lampunggeh
#visitlampungselatan
#visitlampung
#visitindonesia
#kelilinglampung
#kelilingindonesia
#merakbakauheuni
#bakauheunimerak
#whitesandabeach
#indonesianwhitesandbeach
#beautifullindonesia
#beautifullwhitesandbeach
#pantaipasirputih
#pantaipasirputihkalianda
#pantaiberpasirputih
#pantaiberpasirputihkalianda
#pantaiberpasirputihlampungselatan
#mbeach
#merakbelantung
#pantai_keren
#pantai_keren_lampung
#pantai_keren_lampung_selatan
#lfl",2019-06-09 03:13:40,,58
BydIhrgppFz,https://www.instagram.com/p/BydIhrgppFz/,"Menikmati pempek belle dg nuansa pinggiran pantai cuzzz ordernya di @pempekbelle_online
.
.
 #kaliandanews
#kaliandalampungselatan
#lampungselatan
#lampungyay
#lampungeksis
#lampunggeh
#visitlampungselatan
#visitlampung
#visitindonesia
#kelilinglampung
#kelilingindonesia
#merakbakauheuni
#bakauheunimerak
#whitesandabeach
#indonesianwhitesandbeach
#beautifullindonesia
#beautifullwhitesandbeach
#pantaipasirputih
#pantaipasirputihkalianda
#pantaiberpasirputih
#pantaiberpasirputihkalianda
#pantaiberpasirputihlampungselatan
#mbeach
#merakbelantung
#pantai_keren
#pantai_keren_lampung
#pantai_keren_lampung_selatan",2019-06-08 16:18:26,,4
BydIAccp4Ej,https://www.instagram.com/p/BydIAccp4Ej/,"Menikmati pempek belle dg nuansa pinggiran pantai cuzzz ordernya di @pempekbelle_online
.
.
 #kaliandanews
#kaliandalampungselatan
#lampungselatan
#lampungyay
#lampungeksis
#lampunggeh
#visitlampungselatan
#visitlampung
#visitindonesia
#kelilinglampung
#kelilingindonesia
#merakbakauheuni
#bakauheunimerak
#whitesandabeach
#indonesianwhitesandbeach
#beautifullindonesia
#beautifullwhitesandbeach
#pantaipasirputih
#pantaipasirputihkalianda
#pantaiberpasirputih
#pantaiberpasirputihkalianda
#pantaiberpasirputihlampungselatan
#mbeach
#merakbelantung
#pantai_keren
#pantai_keren_lampung
#pantai_keren_lampung_selatan",2019-06-08 16:13:54,,4
BydH6OmprIA,https://www.instagram.com/p/BydH6OmprIA/,"Menikmati pempek belle dg nuansa pinggiran pantai cuzzz ordernya di @pempekbelle_online
.
.
 #kaliandanews
#kaliandalampungselatan
#lampungselatan
#lampungyay
#lampungeksis
#lampunggeh
#visitlampungselatan
#visitlampung
#visitindonesia
#kelilinglampung
#kelilingindonesia
#merakbakauheuni
#bakauheunimerak
#whitesandabeach
#indonesianwhitesandbeach
#beautifullindonesia
#beautifullwhitesandbeach
#pantaipasirputih
#pantaipasirputihkalianda
#pantaiberpasirputih
#pantaiberpasirputihkalianda
#pantaiberpasirputihlampungselatan
#mbeach
#merakbelantung
#pantai_keren
#pantai_keren_lampung
#pantai_keren_lampung_selatan",2019-06-08 16:13:03,,4
BydHta2p-e4,https://www.instagram.com/p/BydHta2p-e4/,"Menikmati pempek belle dg nuansa pinggiran pantai cuzzz ordernya di @pempekbelle_online
.
.
 #kaliandanews
#kaliandalampungselatan
#lampungselatan
#lampungyay
#lampungeksis
#lampunggeh
#visitlampungselatan
#visitlampung
#visitindonesia
#kelilinglampung
#kelilingindonesia
#merakbakauheuni
#bakauheunimerak
#whitesandabeach
#indonesianwhitesandbeach
#beautifullindonesia
#beautifullwhitesandbeach
#pantaipasirputih
#pantaipasirputihkalianda
#pantaiberpasirputih
#pantaiberpasirputihkalianda
#pantaiberpasirputihlampungselatan
#mbeach
#merakbelantung
#pantai_keren
#pantai_keren_lampung
#pantai_keren_lampung_selatan",2019-06-08 16:11:18,,2
BybvEbCn5tf,https://www.instagram.com/p/BybvEbCn5tf/,"Semangat Pagi.... Mari beraktivitas, nikmati keindahan pagi hari di pantai M Beach Kalianda. 
Enjooy your holiday 😀😀
💪💪 semangat....
.
.
.
.
🎥📷 : @the.remora.ibnu
#mbeachkalianda #mbeach
#kaliandanews
#kaliandalampungselatan
#lampungselatan
#lampungyay
#lampungeksis
#lampunggeh
#visitlampungselatan
#visitlampung
#visitindonesia
#kelilinglampung
#kelilingindonesia
#merakbakauheuni
#bakauheunimerak
#whitesandabeach
#indonesianwhitesandbeach
#beautifullindonesia
#beautifullwhitesandbeach
#pantaipasirputih
#pantaipasirputihkalianda
#pantaiberpasirputih
#pantaiberpasirputihkalianda 
#pantaiberpasirputihlampungselatan
#mbeach
#merakbelantung
#pantai_keren
#pantai_keren_lampung
#pantai_keren_lampung_selatan",2019-06-08 03:17:12,,36
Bybata-HG5S,https://www.instagram.com/p/Bybata-HG5S/,"Mengenal adat budaya lampung

#pariwisatalampung
#pariwisataindonesia 
#adatlampungpesisir 
#kalianda 
#visitlampungselatan",2019-06-08 00:18:50,,8
ByZQ-R3H62O,https://www.instagram.com/p/ByZQ-R3H62O/,"Selamat Lebaran. 
Selamat Liburan 🙏🙏🙋
Jangan lupa mampir yak 😂😂😂.
.
#kaliandanews
#kaliandalampungselatan
#lampungselatan
#lampungyay
#lampungeksis
#lampunggeh
#visitlampungselatan
#visitlampung
#visitindonesia
#kelilinglampung
#kelilingindonesia
#merakbakauheuni
#bakauheunimerak
#whitesandabeach
#indonesianwhitesandbeach
#beautifullindonesia
#beautifullwhitesandbeach
#pantaipasirputih
#pantaipasirputihkalianda
#pantaiberpasirputih
#pantaiberpasirputihkalianda
#pantaiberpasirputihlampungselatan
#mbeach
#merakbelantung
#pantai_keren
#pantai_keren_lampung
#pantai_keren_lampung_selatan",2019-06-07 04:15:17,,63
ByX4ULhlmW7,https://www.instagram.com/p/ByX4ULhlmW7/,"""Take responsibility of your own happiness, never put it in other people’s hands.""
.
.
.
#bukitidamangisting #bukitidamanlampung #visitlampungselatan #gisting #tanggamus #mudik #holiday #themurti #iedmubarak1440h",2019-06-06 15:20:34,,81
Bw2DAMWAI1T,https://www.instagram.com/p/Bw2DAMWAI1T/,"Jangan dengarkan apa yg mereka katakan, pergi dan lihatlah sediri 🌅

#travelbag#backpacker#visitlampung#visitlampungselatan#visitkalianda#visitsumatera#visitindonesia#travel#travelcantik#travelblog#indonesiabagus#catatantravel",2019-04-29 15:28:24,,48
Bwykny0hx9I,https://www.instagram.com/p/Bwykny0hx9I/,"Tancap gas dulu  melawan ombak yg bikin hati encut encutan....salam weekend gaesss
💥💥💥💥💥💥💥
Loc:barat daya pulau sebesi  Lampung-selatan
""""""""""""""""""""""""""""""""""""""""""""'""""""""""""""""""""""""''
#samuderaindonesia #wisatalampung #sebesi #visitlampung #visitlampungselatan #lampuunggeh #selampung #kaliandahits #kaliandaig #wajahlampung #wajahlampungku",2019-04-28 07:11:25,,105
BwYK6q6lCwa,https://www.instagram.com/p/BwYK6q6lCwa/,"playground_ .
.
.
.
.
📍 Way Lalaan, Tanggamus",2019-04-18 01:00:20,,190
BXHEq3Zn_nz,https://www.instagram.com/p/BXHEq3Zn_nz/,"Antara Merak - Bakauheni

#pelabuhanmerak #pelabuhanbakauheni
#menarasiger #kapalroro #kapalferry #roroshipingindonesia #kawanasdp #visitlampungselatan #lampungselatan #anakrantau #rantaupunyacerita #instagram 
#yudhistirawangsadinata",2017-07-29 00:33:48,,5
BWWX67MnQlo,https://www.instagram.com/p/BWWX67MnQlo/,"Loading Kapal Ferry 🚕🚕🚚🚛🚗

#pelabuhanmerakbanten #pelabuhanbakauheni
#banten #kapalroro #kapalferry #roroshipingindonesia #kawanasdp #vacation #visitbanten #visitlampungselatan #rantaupunyacerita #anakrantau #yudhistirawangsadinata",2017-07-10 02:39:14,,4
BvwgDK_AjD4,https://www.instagram.com/p/BvwgDK_AjD4/,"Sebab takdir hanyalah soal ketepatan ruang dan waktu kita bertemu. Kita hanya harus menunggu.
.
.
.
#sinkron
#maharapall 
#maharapallquotes
#senja 
#senjakopikita
#senjanusantara
#senjasudutkota
#sunset
#sunset_pics 
#sunsetlover
#sunset_ig
#sunsetnusantara
#sunsetlampung
#sunsetlampungselatan
#kopisenja
#penikmatsenja 
#pecandurindu 
#pemujalara
#budaksajak
#hitskalianda 
#kalianda
#kaliandaig
#lampung 
#lampuunggeh
#lampunghits 
#explorelampungselatan 
#explorelamsel
#explorelampung
#visitlampungselatan
#visitlampung",2019-04-02 15:16:34,,51
BvWL8q6A0jX,https://www.instagram.com/p/BvWL8q6A0jX/,"Walau banyak ketakutan, Jauh bukan alasan dari perpisahan.
.
.
#sinkron
#maharapall 
#maharapallquotes
#senja 
#senjakopikita
#senjanusantara
#senjasudutkota
#sunset
#sunset_pics 
#sunsetlover
#sunset_ig
#sunsetnusantara
#sunsetlampung
#sunsetlampungselatan
#kopisenja
#penikmatsenja 
#pecandurindu 
#pemujalara
#budaksajak
#hitskalianda 
#kalianda
#kaliandaig
#lampung 
#lampuunggeh
#lampunghits 
#explorelampungselatan 
#explorelampung
#visitlampungselatan
#visitlampung",2019-03-23 10:00:46,,56
BvPRDAvBoT1,https://www.instagram.com/p/BvPRDAvBoT1/,"Malam yg damai d sinari rembulan malam yg bikin hati gundah mnjadi hilang seiring datang y sang dewi malam....
:
:
Loc:dermaga pulau sebesi 12:22 wib.21-3-2019  Lampung selatan 🕳️🕳️🕳️🕳️🕳️🕳️🕳️🕳️🕳️🕳️🕳️ #moon #malam #lampuunggeh #visitindonesia #visitlampung #visitlampungselatan #wonderfullindonesia",2019-03-20 17:29:20,,110
BvFwGVuDnLZ,https://www.instagram.com/p/BvFwGVuDnLZ/,Air Terjun Curug desa Kerinjing kecamatan Rajabasa kabupaten Lampung Selatan. #airterjun #wisataairterjun #wisatalampungselatan #lampungselatan #visitlampungselatan #visitlampung #visitindonesia,2019-03-17 00:49:42,,16
BulmvPyAsOt,https://www.instagram.com/p/BulmvPyAsOt/,"Jangan seperti senja; indah, memudar lalu hilang. Lalu datang kembali tanpa kepastian.
.
.
#senja 
#senjakopikita
#senjanusantara
#senjasudutkota
#sunset
#sunset_pics 
#sunsetlover
#sunset_ig
#sunsetnusantara
#sunsetlampung
#sunsetlampungselatan
#kopisenja
#penikmatsenja 
#pecandurindu 
#pemujalara
#budaksajak
#hitskalianda 
#kalianda
#kaliandaig
#lampung 
#lampuunggeh
#lampunghits 
#explorelampungselatan 
#explorelampung
#visitlampungselatan
#visitlampung",2019-03-04 13:10:46,,62
BufKHq1AbG9,https://www.instagram.com/p/BufKHq1AbG9/,"Begitulah semesta mengajar manusia melalui senja; ada sesuatu yang hanya bisa di tatap, tidak bisa diajak menetap.
.
.
#senja 
#senjakopikita
#senjanusantara
#senjasudutkota
#sunset
#sunset_pics 
#sunsetlover
#sunset_ig
#sunsetnusantara
#sunsetlampung
#sunsetlampungselatan
#kopisenja
#penikmatsenja 
#pecandurindu 
#pemujalara
#budaksajak
#hitskalianda 
#kalianda
#kaliandaig
#lampung 
#lampuunggeh
#lampunghits 
#explorelampungselatan 
#explorelampung
#visitlampungselatan
#visitlampung",2019-03-02 01:05:16,,68
BuOkYkmAgWR,https://www.instagram.com/p/BuOkYkmAgWR/,"Bukan yang paling kuat, tapi yang paling bersungguh-sungguh.
.
.
#negerilimamenara 
#ahmadfuadi
#sunrise
#sunricepic
#senja 
#senjakopikita
#senjanusantara
#senjasudutkota
#sunset
#sunset_pics 
#sunsetlover
#sunset_ig
#sunsetnusantara
#sunsetlampung
#sunsetlampungselatan
#kopisenja
#penikmatsenja 
#pecandurindu 
#pemujalara
#budaksajak
#hitskalianda 
#kalianda
#kaliandaig
#lampung 
#lampuunggeh
#lampunghits 
#explorelampungselatan 
#explorelampung
#visitlampung 
#visitlampungselatan",2019-02-23 14:27:40,,67
BuKcOoSAq4F,https://www.instagram.com/p/BuKcOoSAq4F/,"Bahagia hanya akan menjadi hal yang begitu rumit jika kita terlalu tinggi menggantungkan harap.
.
.
#arahlangkah 
#senja 
#senjakopikita
#senjanusantara
#senjasudutkota
#sunset
#sunset_pics 
#sunsetlover
#sunset_ig
#sunsetnusantara
#sunsetlampung
#sunsetlampungselatan
#kopisenja
#penikmatsenja 
#pecandurindu 
#pemujalara
#budaksajak
#hitskalianda 
#kalianda
#kaliandaig
#lampung 
#lampuunggeh
#lampunghits 
#explorelampungselatan 
#explorelampung
#visitlampung 
#visitlampungselatan",2019-02-21 23:59:27,,64
Bt-rG8-Acez,https://www.instagram.com/p/Bt-rG8-Acez/,"Tak melulu tentang senja dan jingga, kadang mendung dengan keabu-abuannya pun punya cara sendiri untuk membuat pesona.
.
#mendung 
#mendungtakberartihujan 
#hujan
#langitabuabu
#pecandurindu 
#pemujalara
#budaksajak
#hitskalianda 
#kalianda
#kaliandaig
#lampung 
#lampuunggeh
#lampunghits 
#explorelampungselatan 
#explorelampung
#visitlampung 
#visitlampungselatan",2019-02-17 10:18:35,,64
Bt8J0C7AWnH,https://www.instagram.com/p/Bt8J0C7AWnH/,"Aku adalah pelukan hangat yang kau ubah menjadi pipi yang basah, lalu; berakhir patah.
.
#dongengdongengyangtakutuh
#boycandra 
#senja 
#senjakopikita
#senjanusantara
#senjasudutkota
#sunset
#sunset_pics 
#sunsetlover
#sunset_ig
#sunsetnusantara
#sunsetlampung
#sunsetlampungselatan
#kopisenja
#penikmatsenja 
#pecandurindu 
#pemujalara
#budaksajak
#hitskalianda 
#kalianda
#kaliandaig
#lampung 
#lampuunggeh
#lampunghits 
#explorelampungselatan 
#explorelampung
#visitlampung 
#visitlampungselatan",2019-02-16 10:49:10,,64
Bt5z7qpgxkt,https://www.instagram.com/p/Bt5z7qpgxkt/,"Kau cantik hari ini
.
.
#senja 
#senjakopikita
#senjanusantara
#senjasudutkota
#sunset
#sunset_pics 
#sunsetlover
#sunset_ig
#sunsetnusantara
#sunsetlampung
#sunsetlampungselatan
#kopisenja
#penikmatsenja 
#pecandurindu 
#pemujalara
#budaksajak
#hitskalianda 
#kalianda
#kaliandaig
#lampung 
#lampuunggeh
#lampunghits 
#explorelampungselatan 
#explorelampung
#visitlampung 
#visitlampungselatan",2019-02-15 13:00:31,,57
Bt2mPPcgrW_,https://www.instagram.com/p/Bt2mPPcgrW_/,"Kesalahan ku adalah menjadikanmu alasan atas segala rindu.
.
.
#disforiainersia 
#distilasialkena
#wiranagara 
#senja 
#senjakopikita
#senjanusantara
#senjasudutkota
#sunset
#sunset_pics 
#sunsetlover
#sunset_ig
#sunsetnusantara
#sunsetlampung
#sunsetlampungselatan
#kopisenja
#penikmatsenja 
#pecandurindu 
#pemujalara
#budaksajak
#hitskalianda 
#kalianda
#kaliandaig
#lampung 
#lampuunggeh
#lampunghits 
#explorelampungselatan 
#explorelampung
#visitlampung 
#visitlampungselatan",2019-02-14 07:02:06,,108
Btx9yBEA9Ui,https://www.instagram.com/p/Btx9yBEA9Ui/,"Bagi yang masih sibuk bersenang-senang dan lupa cara mengenang, bersiaplah selalu, sebab bahagia hanya kesedihan yang tinggal menunggu waktu.
.
Disforia inersia

#disforiainersia 
#distilasialkena
#wiranagara 
#senja 
#senjakopikita
#senjanusantara
#senjasudutkota
#sunset
#sunset_pics 
#sunsetlover
#sunset_ig
#sunsetnusantara
#sunsetlampung
#sunsetlampungselatan
#kopisenja
#penikmatsenja 
#pecandurindu 
#pemujalara
#budaksajak
#hitskalianda 
#kalianda
#kaliandaig
#lampung 
#lampuunggeh
#lampunghits 
#explorelampungselatan 
#explorelampung
#visitlampung 
#visitlampungselatan",2019-02-12 11:54:19,,79
BtveolgnoS1,https://www.instagram.com/p/BtveolgnoS1/,"Aku masih menatap setiap sekat dari tangis yang kau tempelkan lekat-lekat. Membuat dadaku ditumbuhi ruang tamu dengan namamu sebagai singgah paling indah yang berkunjung sesekali, yang kurindukan berkali-kali.
.
.
Disforia inersia

#disforiainersia 
#distilasialkena
#wiranagara 
#senja 
#senjakopikita
#senjanusantara
#senjasudutkota
#sunset
#sunset_pics 
#sunsetlover
#sunset_ig
#sunsetnusantara
#sunsetlampung
#sunsetlampungselatan
#kopisenja
#penikmatsenja 
#pecandurindu 
#pemujalara
#budaksajak
#hitskalianda 
#kalianda
#kaliandaig
#lampung 
#lampuunggeh
#lampunghits 
#explorelampungselatan 
#explorelampung
#visitlampung 
#visitlampungselatan",2019-02-11 12:40:58,,102
Btf7v4WhXGo,https://www.instagram.com/p/Btf7v4WhXGo/,"Sepertinya sesekali bertanya nelayan bisa menjadi salah satu opsi. Karena nelayan tau kapan waktu yang tepat untuk berlayar dan berlabuh pulang.
.
#sanset #fisherman #pelelanganikan #ship #ocean #senja #visitlampungselatan #lampungselatan #explorelampungselatan",2019-02-05 11:47:31,,36
BroSUZFBZoP,https://www.instagram.com/p/BroSUZFBZoP/,"Santaikyakdipantai
#pantaikerangmas #makassar #santimacanang #santrinusantara #visitbogor2018 #visitlampungselatan #visitlampungtimur",2018-12-21 00:35:53,,46
BqYej_wnros,https://www.instagram.com/p/BqYej_wnros/,"Terletak di Kec. Suoh, Lampung barat tepatnya di TNBBS (Taman Nasional Bukit Barisan Selatan) Suguhan alam yang sangat asri nan indah, berkunjung ke tempat wisata berupa ""Keramikan"" yaitu Belerang yg mengering lalu mengeras dan menjadi seperti keramik, sebelum ke tempat wisata kita akan disuguhkan dengan padang rumput yang luas selama perjalanan berjalan kaki.

Seperti di slide 1, itu bekas Keramikan yang runtuh.. Kebayang banget kalau salah nginjek terus kecebur waduh jadi pepes wkwk, Alhamdulillah nya warga sekitar udah nandain yang mana aja yang boleh di lewati ✌️

#lampung 
#lampungbarat 
#pariwisatalampungbarat 
#sumatra 
#photography 
#tbbs 
#tamannasionalbukitbarisanselatan 
#suohlampungbarat 
#lfl 
#danauasam 
#visitlampung 
#visitlampungselatan
#nirwana
#pesonaindonesia 
#pesonaindonesia_id",2018-11-20 00:43:38,,98
Bonf7DPBqrX,https://www.instagram.com/p/Bonf7DPBqrX/,"Menara Siger sebagai ikon kebanggaan masyarakat Lampung dan menjadi titik nol Sumatra. .
.
.
.
.
.
.
.
.
-06.10.2018-
#visitlampung #visitlampungselatan #lampunginsta #lampungselatan #pesonalampung #pesonaindonesia #pesonalampungselatan #eksplorelampung  #welcomelampung #eksplorlampungselatan #lampunghits #lampungpunyacerita #menarasiger #lampungselatan #menarasigerlampung #titiknolsumatra #pesonaindonesia #hijabtraveller #hijabfashion #hijabootd #indonesiaku #travelling #wonderfullindonesia",2018-10-07 03:41:20,,58
BlVLfkAAwM7,https://www.instagram.com/p/BlVLfkAAwM7/,Erniesto X Avicii,2018-07-17 11:23:37,,52
BlCmBEGFA0W,https://www.instagram.com/p/BlCmBEGFA0W/,"Ini Seperti Mimpi 😇
#pulaupahawanglampung #visitlampungselatan",2018-07-10 06:08:30,,43
Bj9CpGVnpxH,https://www.instagram.com/p/Bj9CpGVnpxH/,"Slamat siang bradda & sistta semoga hari ini kalian tidak lupa bahagianya yah, dan yg mudik hati hati di jalan smoga selamat sampai tujuan lalu ini adalah kiriminan video dari acara di @pantai_minangrua  kemarin yg di adakan oleh @pelanpelannusantara semoga kita dapat di pertemukan lagi di acara selanjutnya amin JAH BLESS U Man !!
.
.
.
#ceritapetani #petanisingkong #jamaicansounds #reggaecoustic 
#stagepinggirpantai #lampungselatan #lampungselatanwonderfull
#visitlampungselatan #pesonaindonesia #pelanpelannusantara 
#sahuronthebeach #pantaiminangruabahari #desaklawi #reggaemusic",2018-06-13 05:51:48,,77
BjrgHKJnWz2,https://www.instagram.com/p/BjrgHKJnWz2/,"Titik nol Sumatera Selatan
#menara #siger #menarasiger #lampung #sumatera #menarasigerlampung #menarasigerlampungselatan #titiknolsumateraselatan #visitlampung #lampungselatan #khagommufakat #visitlampungselatan #perbukitan #bukit #beautifulscenery",2018-06-06 10:22:59,,6
BjrTp67HtrV,https://www.instagram.com/p/BjrTp67HtrV/,"Titik nol Sumatera Selatan
#menara #siger #menarasiger #lampung #sumatera #menarasigerlampung #menarasigerlampungselatan #titiknolsumateraselatan #visitlampung #lampungselatan #khagommufakat #visitlampungselatan #perbukitan #bukit #beautifulscenery",2018-06-06 08:34:08,,4
BjWwhubHr_H,https://www.instagram.com/p/BjWwhubHr_H/,"Titik nol Sumatera Selatan
#menara #siger #menarasiger #lampung #sumatera #menarasigerlampung #menarasigerlampungselatan #titiknolsumateraselatan #visitlampung #lampungselatan #khagommufakat #visitlampungselatan",2018-05-29 09:02:22,,6
BhVfk3Ql1zD,https://www.instagram.com/p/BhVfk3Ql1zD/,"Angan-angan tak semulus khayalan.
.
Orang lain mah tau nya ""si Fidha banyak duit, jalan-jalan mulu"" kenyataanya ga seindah itu loh. Tapi sosial media itu emang keren bgt si, cuma foto begini aja bisa merubah persektif orang banyak. Bahkan bisa menimbulkan ke-irian & kesyirikan orang lain.
.
Padahal mah yak sampe ditempat ini aja banyak pengorbanannya. Pantat tepos kelamaan di perjalanan, badan linu pegel2 nyeri sendi, kurang tidur bahkan sampe kurang kasih sayang *jangan baper jangan caper donk*.
.
Banyak yg nyinyir ""orang kaya jalan2 mulu, orang kaya foto kece mulu, orang kaya buang2 duit mulu"" NAAH !! Daripada dipikirin pake pikiran, mending di aminin aja udah. Si penyinyir ini scara ga langsung dia mendoa kan loh supaya gw jadi orang kaya. Keren!! Semoga di jabah doa doa kalian 👏

#travelblogger #traveladdict #travelsteller #travelling #backpackerindonesia #backpackerlife #backpacker_pics #pulaumaitemlampung #menarapandan #pahawang #visitlampungselatan",2018-04-09 04:12:13,,61
BfTf4n_nzRB,https://www.instagram.com/p/BfTf4n_nzRB/,"Pemandangan di lampung
#lampung 
#lfl 
#lfl 
#like4like 
#likeforfollow 
#foto 
#lamo 
#dari
#wa
#visitlampung 
#visitlampungselatan",2018-02-17 16:33:39,,10
BedOPgWhao7,https://www.instagram.com/p/BedOPgWhao7/,"Silaturahmi ... Aniv YNCI Lampung Selatan ☺☺ gak ada rasa lelah menempuh perjalanan yg jauh tapi itu Semua terbayar dengan solidaritas sadulur sadayana soo happy 😅💃💃
.
.
.
#anivyncilampungselatan
#gasspoll 
#pacaranhalallebihasik 
#touring 
#visitlampungselatan 
#happy 
#papahtouringmamahshoping",2018-01-27 14:40:30,,17
Bdy3vK2he3D,https://www.instagram.com/p/Bdy3vK2he3D/,"Rajabasa 
#beach #beachline #beachlife #sea #clear #cloudy #rajabasa #mtrajabasa #lampung #kalianda #visitindonesia #visitkalianda #visitlampung #visitsumatra #visitlampungselatan #sands #bay #bayview #escape #getlost #beautifuldestinations #trip #travel #vacation #backpacking #pesonaindonesia",2018-01-11 03:55:44,,75
BdxJj8Sha98,https://www.instagram.com/p/BdxJj8Sha98/,"4.20

#beach #beachline #beachlife #island #krakatau #krakatoa #laguna #lagunahelau #alaualau #afternoon #nofilter #sunset #bluesky #cloudy #escape #trip #travel #vacation #backpacking #visitindonesia #visitsumatra #visitlampung #lampungselatan #visitlampungselatan #pesonaindonesia",2018-01-10 11:53:01,,72
Bdp0WqrhvIz,https://www.instagram.com/p/Bdp0WqrhvIz/,"Secara kebetulan

#raflesiaarnoldi #raflesia #raflesiabengkulu #bunga #bungabangkai #nightlife #escape #hunting #mouser #indorifle #rifle #airrifle #visitlampungselatan #lampungselatan #kalianda #visitkalianda #visitindonesia #indonesia #pesonaindonesia #visitlampung #visitsumatra #sumatra",2018-01-07 15:33:01,,74
BbrbqdOF0FI,https://www.instagram.com/p/BbrbqdOF0FI/,"Ini adalah salah satu view keren di Pantai Kahai yang terletak di kecamatan Rajabasa Kabupaten Lampung Selatan
Fasilitas dipantau ini lumayan lengkap ada kolam renang, wahana anak-anak, Kolam Air Laut, juga bisa ke Pulau Mengkudu dengan menggunakan perahu yang didalamnya terdapat Kumpulan Batu Lapis yang sangat indah ..... Yuks Wisata Ke Kahai 
#kahaibeach #batulapis #mengkuduisland #visitlampungselatan #travelling #mytripmyadventure

Foto taken by : @warsito 
This Post Present By Akhtar Clodi Jagonya Clodi Murah
#clodi #clodimurah #clodiimpor #clodilokal #jualclodi",2017-11-19 13:32:57,,12
BYlQtuEA3HV,https://www.instagram.com/p/BYlQtuEA3HV/,Semburat sunrise penuh romantisme @elty_krakatoa thanks nice view... #explorelampung #kaliandabeach #triplampung #travelling #like4like #highlights #visitlampungselatan #wisataalam  #wisata,2017-09-03 14:27:39,,38
BWL8PNMnEKM,https://www.instagram.com/p/BWL8PNMnEKM/,"Summer vibes .
.
Pahawang - 2017
.
.
.
.
.
.
.

#vsco #vscofilter #instagood #instanesia #explorelampung #exploreindonesia #instatravel #instatravellingpic #visitsumatra #visitindonesia #pahawangbeach #pantaiindonesia #pahawangisland #pulaupahawang #pahawangbesar #visitlampungselatan #lampungselatan #wonderfulindonesia",2017-07-06 01:24:56,,57
BUtBb0_hSo3,https://www.instagram.com/p/BUtBb0_hSo3/,"Grosir & Eceran
👉Al - Qur'an lokal dan Impor
➡Al Qur'an Al Quddus
➡Beirut
➡Tafsir Jalalain
➡Tafsir Al Ibriz ➡Dll
👉Kitab2 Madrasah
➡Yanbu'a ➡Nahwu,Shorof
➡Kitab Kuning
➡Bulughul Marom
➡Dll
👉Seragam Yanbu'a
👉Perlengkapan Haji/Umroh
👉Air Mineral KHQ
👉Herbal ➡Aneka Madu
➡Minyak Zaitun
➡Habbatussauda
➡Madu Kesuburan
👉Parfume Local Import
➡Bibit Minyak Wangi
➡Parfume Impor
Pusat Grosir&Eceran 
Distributor TOKO NINA
Jalan Menara no 2 Kudus
perempatan selatan Masjid Menara Kudus 
WA 085740189757
.
.
.
.
.
.
.
.
.
.
.
.
.
.
.
.
.
.
. . .5#
#

#pesonalampungselatan
#lampungselatanmenarik
#lampungselatandise
#lampungselatanourlandpark
#mebellampungselatan

#lampungselatanshop
#lampungselatanfurniture
#lampungselatanonlineseller
#lampungselatancase
#visitlampungselatan

#onlylampungselatan
#lovelampungselatan
#lampungselatanantik
#lampungselatancraft
#lampungselatankekinian_

#lampungselatanonline
#lampungselatantoday
#lampungselatanindah
#lampungselatanday
#interiorlampungselatan

#lampungselatanhitzz
#lampungselatankita
#lampungselatanminimalis
#lampungselatanrepost
#pikniklampungselatan",2017-05-30 04:42:29,,47
BUgXlG7hzsN,https://www.instagram.com/p/BUgXlG7hzsN/,"Keren kak @Regrann from @nickosalasa -  Tapa Kera - Lampung

#Lampung #lampunggeh #photographer #pantai #love #photographer #photographylampung #asia  #beach #islam #kalianda #visitlampung #visitlampungselatan #lampungselatan #photography #islam #islamic #quote #qoran #Krui #indonesia #bandarlampung #bali #landscape #humanphotography #human #interest #picture #adventure #longexposure #love #longexpo",2017-05-25 06:45:52,,69
BUdr0ouADyc,https://www.instagram.com/p/BUdr0ouADyc/,"Grosir & Eceran
👉Al - Qur'an lokal dan Impor
➡Al Qur'an Al Quddus
➡Beirut
➡Tafsir Jalalain
➡Tafsir Al Ibriz ➡Dll
👉Kitab2 Madrasah
➡Yanbu'a ➡Nahwu,Shorof
➡Kitab Kuning
➡Bulughul Marom
➡Dll
👉Seragam Yanbu'a
👉Perlengkapan Haji/Umroh
👉Air Mineral KHQ
👉Herbal ➡Aneka Madu
➡Minyak Zaitun
➡Habbatussauda
➡Madu Kesuburan
👉Parfume Local Import
➡Bibit Minyak Wangi
➡Parfume Impor
Pusat Grosir&Eceran 
Distributor TOKO NINA
Jalan Menara no 2 Kudus
perempatan selatan Masjid Menara Kudus 
WA 085740189757
.
.
.
.
.
.
. .. ..
.
.
.
.
.
.
..
. ...
.
.
.
.
.#pesonalampungselatan
#lampungselatanmenarik
#lampungselatandise
#lampungselatanourlandpark
#mebellampungselatan

#lampungselatanshop
#lampungselatanfurniture
#lampungselatanonlineseller
#lampungselatancase
#visitlampungselatan

#onlylampungselatan
#lovelampungselatan
#lampungselatanantik
#lampungselatancraft
#lampungselatankekinian_

#lampungselatanonline
#lampungselatantoday
#lampungselatanindah
#lampungselatanday
#interiorlampungselatan

#lampungselatanhitzz
#lampungselatankita
#lampungselatanminimalis
#lampungselatanrepost
#pikniklampungselatan",2017-05-24 05:45:02,,2
BTs16GjBKYK,https://www.instagram.com/p/BTs16GjBKYK/,"Sekali layar berkembang, pantang surut ketepian. 
Kalau sudah terdampar, jangan harap kembali keperairan! 😂
.
.
#paantaikedu #pantaikedukalianda #pantaikedulamsel #pantailagon #pantailagonkalianda #kalianda #lamsel #lampungselatan #lampung #pesonakalianda #pesonalampung #karam #terdampar #kapalkaram #pantaikalianda #pantai #tukangjalan #officialtukangjalan #visitkalianda #visitlamsel #visitlampungselatan #visitlampung @amrisianturi",2017-05-05 06:30:22,,27
BTjS5xQBW-r,https://www.instagram.com/p/BTjS5xQBW-r/,Senja di pesisir Kalianda Lampung Selatan #vitsea#visitlampungselatan#kalianda#bllaaaarder,2017-05-01 13:31:20,,24
BL5LYJKBLQN,https://www.instagram.com/p/BL5LYJKBLQN/,"Seperti biasa dengan gaya yang sama.
#cool #mtma #visitlampung #lampunggeh #hiddenparadise #visitlampungselatan",2016-10-23 05:17:42,,34
BL3NmeujFz4,https://www.instagram.com/p/BL3NmeujFz4/,"BERHENTI di tengah perjalanan akan lebih sulit dan terasa lebih melelahkan daripada terus BERJALAN hingga sampai TUJUAN. 
#lampung #lampunggeh #lampunggram
#lampunggham #lampunginsta #lampunginside #visitlampung #instameetlampung #jelajahlampung #kelilinglampung #lampungselatan #tanjungtuha #tanjungtua #sea #beach #visitindonesia #negriku_bagus #visitlampungselatan #trip #triplampung #Indonesia #instagram #weekend #view #tampan #anakbolang #Blora #lampungwisataku",2016-10-22 10:58:40,,51
BKXu8kHgynf,https://www.instagram.com/p/BKXu8kHgynf/,,2016-09-15 09:02:57,,61
BKVz7Roggod,https://www.instagram.com/p/BKVz7Roggod/,,2016-09-14 15:07:59,,62
BKS7a1Zge6g,https://www.instagram.com/p/BKS7a1Zge6g/,,2016-09-13 12:15:44,,51
BKQLsQ9AtkN,https://www.instagram.com/p/BKQLsQ9AtkN/,,2016-09-12 10:40:12,,36
BKPYKbXgodH,https://www.instagram.com/p/BKPYKbXgodH/,,2016-09-12 03:09:56,,27
BKPXeRtAmVT,https://www.instagram.com/p/BKPXeRtAmVT/,,2016-09-12 03:03:54,,56
BJ96qlbgu8s,https://www.instagram.com/p/BJ96qlbgu8s/,,2016-09-05 08:25:05,,64
BJ94o-agHFM,https://www.instagram.com/p/BJ94o-agHFM/,,2016-09-05 08:07:24,,61
BJ52NIOAYJW,https://www.instagram.com/p/BJ52NIOAYJW/,,2016-09-03 18:29:09,,50
BJ5AfWRATxA,https://www.instagram.com/p/BJ5AfWRATxA/,,2016-09-03 10:39:47,,41
BJ477b_gK-r,https://www.instagram.com/p/BJ477b_gK-r/,,2016-09-03 09:59:56,,39
BJ43C_ygDmY,https://www.instagram.com/p/BJ43C_ygDmY/,,2016-09-03 09:17:16,,34
BJ3vYFbgjf2,https://www.instagram.com/p/BJ3vYFbgjf2/,,2016-09-02 22:51:00,,44
BJ3q7SsgRzk,https://www.instagram.com/p/BJ3q7SsgRzk/,,2016-09-02 22:12:07,,37
BJ3h2I0gyTN,https://www.instagram.com/p/BJ3h2I0gyTN/,,2016-09-02 20:52:46,,34
BJ3g7IrAPYf,https://www.instagram.com/p/BJ3g7IrAPYf/,,2016-09-02 20:44:43,,29
BJ3far_A5mS,https://www.instagram.com/p/BJ3far_A5mS/,,2016-09-02 20:31:33,,30
BJ3evV9gBua,https://www.instagram.com/p/BJ3evV9gBua/,,2016-09-02 20:25:38,,34
BJ3eXYIAYLq,https://www.instagram.com/p/BJ3eXYIAYLq/,,2016-09-02 20:22:21,,26
BJ3PfJrAiD8,https://www.instagram.com/p/BJ3PfJrAiD8/,,2016-09-02 18:12:21,,27
BJ3JtbXA-7h,https://www.instagram.com/p/BJ3JtbXA-7h/,,2016-09-02 17:21:52,,32
BJ3DwXnAsRp,https://www.instagram.com/p/BJ3DwXnAsRp/,,2016-09-02 16:29:50,,25
BJ3CZDJATh4,https://www.instagram.com/p/BJ3CZDJATh4/,,2016-09-02 16:17:55,,37
BJ28XV6AieU,https://www.instagram.com/p/BJ28XV6AieU/,,2016-09-02 15:25:15,,34
BJ25flFgdNL,https://www.instagram.com/p/BJ25flFgdNL/,,2016-09-02 15:00:10,,41
BJ1IgAzABoU,https://www.instagram.com/p/BJ1IgAzABoU/,,2016-09-01 22:32:49,,45
BJ1HrzzA3oR,https://www.instagram.com/p/BJ1HrzzA3oR/,,2016-09-01 22:25:41,,37
BJ1GxoWgSCk,https://www.instagram.com/p/BJ1GxoWgSCk/,,2016-09-01 22:17:45,,45
BJ0Bg3pgnUU,https://www.instagram.com/p/BJ0Bg3pgnUU/,,2016-09-01 12:12:32,,43
BJ0AknXAkx0,https://www.instagram.com/p/BJ0AknXAkx0/,,2016-09-01 12:04:18,,34
BJz5EGig0G7,https://www.instagram.com/p/BJz5EGig0G7/,,2016-09-01 10:58:42,,32
BJzesQNgT3Q,https://www.instagram.com/p/BJzesQNgT3Q/,,2016-09-01 07:08:15,,36
BJyyuVVgzHU,https://www.instagram.com/p/BJyyuVVgzHU/,"Tebing pantai teluk nipah
#pantaiteluknipahkalianda  #visitlampungselatan",2016-09-01 00:44:03,,11
BJyybaygwPA,https://www.instagram.com/p/BJyybaygwPA/,"Panorama pantai teluk nipah
#pantaiteluknipahkalianda 
#visitlampungselatan  #visitlampung 
#eksplorlampungselatan 
#eksplorlampung",2016-09-01 00:41:28,,12
BJyG21-gDP8,https://www.instagram.com/p/BJyG21-gDP8/,,2016-08-31 18:20:44,,25
BJyCrdTglvH,https://www.instagram.com/p/BJyCrdTglvH/,,2016-08-31 17:44:14,,28
BJyBwF7AU7a,https://www.instagram.com/p/BJyBwF7AU7a/,,2016-08-31 17:36:07,,27
BJyAIJQglQO,https://www.instagram.com/p/BJyAIJQglQO/,,2016-08-31 17:21:56,,30
BJxxhX3gkud,https://www.instagram.com/p/BJxxhX3gkud/,,2016-08-31 15:14:18,,31
BJxm1yxAMGt,https://www.instagram.com/p/BJxm1yxAMGt/,,2016-08-31 13:40:58,,17
BJxlQQag8px,https://www.instagram.com/p/BJxlQQag8px/,,2016-08-31 13:27:07,,14
BJxbcLuAQtF,https://www.instagram.com/p/BJxbcLuAQtF/,,2016-08-31 12:01:21,,29
BJvRLXJAbtF,https://www.instagram.com/p/BJvRLXJAbtF/,Amazing capture by @rnislvia,2016-08-30 15:53:12,,32
BJvPDIkgLkA,https://www.instagram.com/p/BJvPDIkgLkA/,Bagaimana pendapat mu...... ?! Indah kan.... ?! Sangat indah..... !!! Itu tepat nya. Makanya hastag nya baik nya #nipahbaybeach atau #pantaiteluknipahkalianda supaya gak kecampur ma teluk nipah nya negara jiran kita. Sayang punya kita nya Bro / Sis.,2016-08-30 15:34:36,,32
BJu3hKdAlmN,https://www.instagram.com/p/BJu3hKdAlmN/,Kegiatan seperti ini seperti nya wajib kita support ya....?! ( Harian Tribun Lampung tgl 30 Agustus 2016 hal 13 ),2016-08-30 12:08:59,,30
BJtr1ZfAEg7,https://www.instagram.com/p/BJtr1ZfAEg7/,From : @dickyangga.maulanayasha,2016-08-30 01:07:39,,30
BJtqoddgA4M,https://www.instagram.com/p/BJtqoddgA4M/,From : @doddy.a.s,2016-08-30 00:57:09,,27
BJtoxTpAimT,https://www.instagram.com/p/BJtoxTpAimT/,Merdeka.....! From : @sintiaidris,2016-08-30 00:40:52,,22
BJtjxiyg92g,https://www.instagram.com/p/BJtjxiyg92g/,From : @masteguh78,2016-08-29 23:57:13,,29
BJtjUAAAY_9,https://www.instagram.com/p/BJtjUAAAY_9/,From : @restipratiwii01,2016-08-29 23:53:11,,30
BJti4EbAJym,https://www.instagram.com/p/BJti4EbAJym/,From : @oki_hernanda06 .... semangat anak2 muda yg perlu kita apresiasi,2016-08-29 23:49:22,,27
BJn9d1lgmBj,https://www.instagram.com/p/BJn9d1lgmBj/,From : @shinta_167,2016-08-27 19:46:16,,32
BJn9HyCgqux,https://www.instagram.com/p/BJn9HyCgqux/,From : @komunitas_peta,2016-08-27 19:43:16,,27
BJn7jFrAGRn,https://www.instagram.com/p/BJn7jFrAGRn/,From : @masteguh78,2016-08-27 19:29:31,,28
BJaZ4kFj725,https://www.instagram.com/p/BJaZ4kFj725/,"Nice to meet u
°
°
Saat menyeberang ke Lampung, mendekati Pelabuhan Bakauheni akan tampak bangunan kuning nan megah di atas bukit. Itulah Menara Siger, titik nol Sumatera Selatan.
Menara Siger merupakan salah satu ikon khas Lampung yang terlihat dari Pelabuhan Bakauheni, bahkan jika cuaca mendukung, dari Pelabuhan Merak sudah dapat terlihat dengan jelas. °
°
#menarasiger #menarasigerlampung #explorelampungselatan #explorampung #pelabuhanbakauheni #sigertower #lampunghits #visitlampungselatan #wisatalampungselatan #soulthlampung #jrramadhanpart2",2016-08-22 13:25:13,,66
BItNO_2hcxr,https://www.instagram.com/p/BItNO_2hcxr/,"Maka keindahan mana lagi yang akan kau dustakan.

LAMPUNG😘😘 .
.
.
.
#jalanjalan #kelilinglampung
#eksplorelampung #insidelampung #lampungparadise #instalampung  #visitlampung #visitlampung2016 #lampunggeh  #holidaylampung #visitlampungselatan #kalianda #lampung #piknik #eksploreindonesia #Indonesia",2016-08-05 00:08:52,,56
BHgJREOgdQG,https://www.instagram.com/p/BHgJREOgdQG/,#visitlampungselatan #postlampung,2016-07-06 01:52:40,,7
BGThbQHCJUX,https://www.instagram.com/p/BGThbQHCJUX/,"Yakin gak mau yg seger gini? 
#juice #sopbuah #bazarramadhan #ramadhanmubarak #ramadhan #bakauheni #visitlampungselatan #visitlampung",2016-06-06 07:42:16,,1
BGTVkd0CJSG,https://www.instagram.com/p/BGTVkd0CJSG/,"Avocado Juice.. Rasakan sensasi nikmat dan segar nya jus buah tanpa gula buatan

#juice #sopbuah #bazarramadhan #ramadhanmubarak #ramadhan #bakauheni #visitlampungselatan #visitlampung",2016-06-06 05:58:40,,2
BF5NyqWiJRh,https://www.instagram.com/p/BF5NyqWiJRh/,"Custom Birthday Cake . . . . . 
#anekacake #anekacookies #bakauheni #bakery #visitlampung #visitlampungselatan",2016-05-27 02:30:26,,3
BF5NfGuCJQ5,https://www.instagram.com/p/BF5NfGuCJQ5/,"Custom Birthday Cake
. . . . 
#anekacookies #anekacake #bakery #bakauheni #visitlampungselatan #visitlampung",2016-05-27 02:27:46,,1
BF5NThTCJQj,https://www.instagram.com/p/BF5NThTCJQj/,"Bolu Pisang &  Bolu Pandan
. . . . 
Ready open for AidilFitri

#anekacookies #anekacake #oleholehlampung #visitlampung #visitlampungselatan #bakauheni",2016-05-27 02:26:11,,2
BFlFRu1Lp88,https://www.instagram.com/p/BFlFRu1Lp88/,"""Transportasi laut selat sunda""

Loc. Pelabuhan bakauheni-lampung
.
.
.
#sea #seaport #sundastrait #instanesia_id #nikon #visitlampung #indonesiaituindah #nikkor #vintage #dailylife #wp2016 #landscape #interest #transportation #bakauheni #lampungselatan #visitlampungselatan #tonekillers",2016-05-19 06:51:14,,38
BFjaChyKcj5,https://www.instagram.com/p/BFjaChyKcj5/,"Dermaga 
lokasi: Kalianda - Lampung Selatan, Indonesia

#dermaga
#pelabuhan #potraitindonesia
#portofkalianda #kotapelabuhan #visitlampungselatan #kotakalianda #phinisi #pesonabahariindonesia #travellers #indonesiatambahkeren",2016-05-18 15:14:10,,8
BFaWyKTqcib,https://www.instagram.com/p/BFaWyKTqcib/,"My Journey 
location: Kec. Rajabasa Kalianda - Lampung Selatan, Indonesia 
@mtmalampung @mytrip_myadvntr @parapejalan @indonesiantraveler_ @indotravellers.co @lingkarindonesia @indonesia_photography @jalan2menofficial @parapejalan 
#village #journey #path #vacation #traveling #mytripmyadventure #mtmalampung #alamindonesia #travellers #parapejalan #indonesia_photography #catatanbackpaker #ceritauntukindonesia #visitlampungselatan #visitlampung #Kalianda",2016-05-15 02:52:33,,9
BFZR9AxKcsY,https://www.instagram.com/p/BFZR9AxKcsY/,"Perahu 
location: Pantai Canti Kalianda - Lampung Selatan,Indonesia 
#pesonabahariindonesia #pesonaindonesia_id #panoramaindonesia #alamindonesia #keindahanindonesia #pantaicantikalianda #Beach #coconut #mtmalampung #mytripmyadventure #jalanjalanmen #indonesia_photography #traveling #travellers #visitlampungselatan",2016-05-14 16:51:06,,6
BFJNPjIL0od,https://www.instagram.com/p/BFJNPjIL0od/,"Anak #gunung kembali beraksi 👣👣
.
.
#krakatau #anakkrakatau #mountain #cagaralamkrakatau #lampung #visitlampungselatan #exploreindonesia",2016-05-08 11:02:06,,39
BElYEx_GSqQ,https://www.instagram.com/p/BElYEx_GSqQ/,"Mari memasyarakatkan kopi dan meng-kopi-kan masyarakat! Sukses dan semangat terus @mr.caffeine_ ! Terimakasih dukungannya dari kakak-kakak kedai, sesama barista, penikmat kopi di Lampung! 
#KPKlampung #dukungkedaikopilokal #dukungkopiindonesia #ngopidilampung #visitlampung #visitlampungselatan #visitkalianda #coffeeshop #localcoffeeshop #indonesiancoffee #manualbrewcommunity",2016-04-24 13:04:05,,55
BElXvNUGSpb,https://www.instagram.com/p/BElXvNUGSpb/,"Dan apa sih poin penting dari semua ini? Edukasi Kopi! Meja seduh bukan cuma sekedar berbagi kopi tetapi juga cerita tentang kecintaan kita semua dengan kopi!

#KPKlampung #baristalife #kedaikopilampung #dukungkedaikopilokal #dukungkopiindonesia #visitlampung #visitlampungselatan",2016-04-24 13:01:09,,39
BElXBtlmSn4,https://www.instagram.com/p/BElXBtlmSn4/,"Kak @ivankovzahriasnawi dan kak Ferdyan dari @coffeepaste lagi akrab-akrabnya di depan kamera, muka nya serius banget.. Emang mereka ga pernah bercanda soal kopi!

#softopening #mrcaffeine #visitlampung #visitlampungselatan #visitkalianda #coffeeshop #kedaikopilampung #KPKlampung",2016-04-24 12:54:56,,41
BElWbVgGSmc,https://www.instagram.com/p/BElWbVgGSmc/,"Kak @ivankovzahriasnawi pentolan nya @n8coffee dan Kak Agnes dari Sbux MBK (sayang ga punya IG) lagi akrab bantuin seduh di @mr.caffeine_ 
#KPKlampung #softopening #kedaikopilampung #visitlampung #visitlampungselatan #visitkalianda #manualbrewcommunity #manualbrewonly #coffeeshop #tubruk",2016-04-24 12:49:42,,37
BElWMb7GSl-,https://www.instagram.com/p/BElWMb7GSl-/,"@barista_sandhi dan si Junior calon Barista juga udah nongol di @mr.caffeine_ ! Ditunggu #latteart cantik nya!

#softopening #kedaikopilampung #visitlampung #visitlampungselatan #visitkalianda #KPKlampung",2016-04-24 12:47:39,,29
BElV7LvGSlQ,https://www.instagram.com/p/BElV7LvGSlQ/,"Ga ada yang bisa nolak seduhan #aeropress dari Bang Arie @kopipacarhitam ... Masih di seru-seruan #softopening @mr.caffeine_ 
#visitlampung #visitlampungselatan #visitkalianda #kopigratis #kedaikopi #kedaikopilampung #KPKlampung",2016-04-24 12:45:18,,31
BElRytqmSsY,https://www.instagram.com/p/BElRytqmSsY/,"Serunya kakak-kakak @KPKLampung meramaikan soft opening @mr.caffeine_ dari sore sampai malam ini! Silahkan mampir, masih ada tubruk dan latte yang bisa dicicip-cicip, gratis!

#softopening #mrcaffeine #visitlampung #visitlampungselatan #sidomulyo #kalianda #kedaikopidilampung #kedaikopi #KPKlampung",2016-04-24 12:09:11,,29
BEe8c5btYy8,https://www.instagram.com/p/BEe8c5btYy8/,keceriaan Siswi SD Al-Kautsar Bandar Lampung menikmati wahana Crazy Slide dan Fast2Furious #slanikwaterparklampung #like4like #visitlampungselatan #wisatalampung #like4like,2016-04-22 01:07:16,,130
BEdqj7mNY04,https://www.instagram.com/p/BEdqj7mNY04/,oktopus kids fun #slanikwaterpark #like4like #visitlampungselatan #wisatalampung #slanikwaterparklampung #wisatalampung #slanikwaterpark #like4like,2016-04-21 13:11:42,,145
BEdpn89NYyy,https://www.instagram.com/p/BEdpn89NYyy/,sewa ban slanik waterpark #slanikwaterparklampung #wisatalampung #visitlampungselatan #like4like #slanikwaterpark,2016-04-21 13:03:31,,98
BEdpIzOtYxt,https://www.instagram.com/p/BEdpIzOtYxt/,parkir area motor #slanikwaterpark #like4like #visitlampungselatan #wisatalampung #slanikwaterparklampung,2016-04-21 12:59:16,,74
BEdo_6ptYxd,https://www.instagram.com/p/BEdo_6ptYxd/,kecerian Paud Ad-Rizki Wayhalim - bandar lampung di kolam oktopus kids fun #slanikwaterparklampung #wisatalampung #visitlampungselatan #slanikwaterpark #like4like #slanikwaterpark,2016-04-21 12:58:03,,135
BEdixaZh7KX,https://www.instagram.com/p/BEdixaZh7KX/,Foto backroundnya samudra ...#lateposting #visitlampungselatan #pesonalampung #pesonaindonesia_id #cirebon #sharks #ayopiknikindonesia #ngebolang #jalan2man,2016-04-21 12:03:38,,29
BEdfy5PtY-T,https://www.instagram.com/p/BEdfy5PtY-T/,SD AL-Kautsar Bandar Lampung #slanikwaterpark #visitlampungselatan #wisatalampung #slanikwaterparklampung #like4like,2016-04-21 11:37:38,,90
BEWYRD0rpfT,https://www.instagram.com/p/BEWYRD0rpfT/,"Member The TripPacker Lampung 0021
Thanks sahabat 
Lokasi : Pantai Laguna
#mountain #beach #sea #wonderfulindonesia #visitlampung #visitlampungselatan #gunungajabasa
#0021",2016-04-18 17:17:09,,14
BEICG0kNYx7,https://www.instagram.com/p/BEICG0kNYx7/,Study Tour SMP 1 Pesawaran #slanikwaterpark #like4like #repost #slanikwaterparklampung #wisatalampung #visitlampungselatan #visitlampung,2016-04-13 03:34:09,,77
BDFLQjxNY6Q,https://www.instagram.com/p/BDFLQjxNY6Q/,outing class SD kartika II di slanik waterpark #visitlampungselatan #visitlampung #slanikpujasera #slanikwaterpark #slanikwaterparklampung #repost #sd #kartika #balam #bandarlampung,2016-03-18 04:25:01,,62
BDDyNH3NY8A,https://www.instagram.com/p/BDDyNH3NY8A/,terimakasih Mts NU negarabatin tanggamus atas kunjungannya #slanikwaterparklampung #slanikwaterpark #visitlampung #wisatalampung #repost #mts #tanggamus #visitlampung #visitlampungselatan,2016-03-17 15:26:51,,60
BCDj6TZNY9C,https://www.instagram.com/p/BCDj6TZNY9C/,rizki ridho hipnotis pengunjung #slanikwaterpark #slanikwaterparklampung #repost #slanik #likeforlike #visitlampungselatan #promolampung,2016-02-21 16:50:33,,73
BCDjcP3tY7t,https://www.instagram.com/p/BCDjcP3tY7t/,Rizki ridho di #slanikwaterpark#slanikwaterparklampung #repost #like4like #likes4likes #visitlampungselatan #wisatalampung #k2rl #rizkiridho #da2,2016-02-21 16:46:27,,120
9Tj99ADBEf,https://www.instagram.com/p/9Tj99ADBEf/,"Karya-Nya .... @kelilinglampung_ 
@explorelampung 
@pantaiindo
@pecinta_pantai
@zonafotografi
#visitlampung 
#visitlampungselatan
 #wisatalampung 
#wisata #dutawisata
 #wisataindonesia",2015-10-26 15:21:55,,6
7z8OCJDi2A,https://www.instagram.com/p/7z8OCJDi2A/,Nikmatnya bekerja dan liburan :) #visitlampungselatan,2015-09-19 12:06:45,,6
7pcAWQji1B,https://www.instagram.com/p/7pcAWQji1B/,Lagi2 ngepantai.. #visitlampungselatan,2015-09-15 10:12:51,,2
